file,line,type,commit,author,date,time,timezone,datetime,depth,length
style.css,1,css,61b3cfc8,Lucas Sherles,2025-04-02,16:39:15,-07:00,2025-04-02T16:39:15-07:00,0,5
style.css,2,css,61b3cfc8,Lucas Sherles,2025-04-02,16:39:15,-07:00,2025-04-02T16:39:15-07:00,0,24
style.css,3,css,d2525a26,Lucas Sherles,2025-04-10,00:26:29,-07:00,2025-04-10T00:26:29-07:00,0,16
style.css,4,css,d2525a26,Lucas Sherles,2025-04-10,00:26:29,-07:00,2025-04-10T00:26:29-07:00,0,12
style.css,5,css,4208850b,Lucas Sherles,2025-04-10,14:56:40,-07:00,2025-04-10T14:56:40-07:00,0,19
style.css,6,css,d2525a26,Lucas Sherles,2025-04-10,00:26:29,-07:00,2025-04-10T00:26:29-07:00,0,0
style.css,7,css,61b3cfc8,Lucas Sherles,2025-04-02,16:39:15,-07:00,2025-04-02T16:39:15-07:00,0,0
style.css,8,css,d2525a26,Lucas Sherles,2025-04-10,00:26:29,-07:00,2025-04-10T00:26:29-07:00,0,4
style.css,9,css,d2525a26,Lucas Sherles,2025-04-10,00:26:29,-07:00,2025-04-10T00:26:29-07:00,0,13
style.css,10,css,d2525a26,Lucas Sherles,2025-04-10,00:26:29,-07:00,2025-04-10T00:26:29-07:00,0,8
style.css,11,css,d2525a26,Lucas Sherles,2025-04-10,00:26:29,-07:00,2025-04-10T00:26:29-07:00,0,18
style.css,12,css,d2525a26,Lucas Sherles,2025-04-10,00:26:29,-07:00,2025-04-10T00:26:29-07:00,0,24
style.css,13,css,d2525a26,Lucas Sherles,2025-04-10,00:26:29,-07:00,2025-04-10T00:26:29-07:00,0,26
style.css,14,css,d2525a26,Lucas Sherles,2025-04-10,00:26:29,-07:00,2025-04-10T00:26:29-07:00,0,38
style.css,15,css,d2525a26,Lucas Sherles,2025-04-10,00:26:29,-07:00,2025-04-10T00:26:29-07:00,0,0
style.css,16,css,d2525a26,Lucas Sherles,2025-04-10,00:26:29,-07:00,2025-04-10T00:26:29-07:00,0,0
style.css,17,css,d2525a26,Lucas Sherles,2025-04-10,00:26:29,-07:00,2025-04-10T00:26:29-07:00,0,6
style.css,18,css,d2525a26,Lucas Sherles,2025-04-10,00:26:29,-07:00,2025-04-10T00:26:29-07:00,0,7
style.css,19,css,d2525a26,Lucas Sherles,2025-04-10,00:26:29,-07:00,2025-04-10T00:26:29-07:00,0,18
style.css,20,css,d2525a26,Lucas Sherles,2025-04-10,00:26:29,-07:00,2025-04-10T00:26:29-07:00,0,14
style.css,21,css,d2525a26,Lucas Sherles,2025-04-10,00:26:29,-07:00,2025-04-10T00:26:29-07:00,0,21
style.css,22,css,d2525a26,Lucas Sherles,2025-04-10,00:26:29,-07:00,2025-04-10T00:26:29-07:00,0,14
style.css,23,css,d2525a26,Lucas Sherles,2025-04-10,00:26:29,-07:00,2025-04-10T00:26:29-07:00,0,18
style.css,24,css,680f39bb,Lucas Sherles,2025-04-15,16:21:25,-07:00,2025-04-15T16:21:25-07:00,0,40
style.css,25,css,680f39bb,Lucas Sherles,2025-04-15,16:21:25,-07:00,2025-04-15T16:21:25-07:00,0,40
style.css,26,css,680f39bb,Lucas Sherles,2025-04-15,16:21:25,-07:00,2025-04-15T16:21:25-07:00,0,0
style.css,27,css,680f39bb,Lucas Sherles,2025-04-15,16:21:25,-07:00,2025-04-15T16:21:25-07:00,0,0
style.css,28,css,d2525a26,Lucas Sherles,2025-04-10,00:26:29,-07:00,2025-04-10T00:26:29-07:00,0,0
style.css,29,css,d2525a26,Lucas Sherles,2025-04-10,00:26:29,-07:00,2025-04-10T00:26:29-07:00,0,0
style.css,30,css,d2525a26,Lucas Sherles,2025-04-10,00:26:29,-07:00,2025-04-10T00:26:29-07:00,0,14
style.css,31,css,fd7fe4e1,Lucas Sherles,2025-07-21,15:42:21,-07:00,2025-07-21T15:42:21-07:00,0,40
style.css,32,css,d2525a26,Lucas Sherles,2025-04-10,00:26:29,-07:00,2025-04-10T00:26:29-07:00,0,26
style.css,33,css,d2525a26,Lucas Sherles,2025-04-10,00:26:29,-07:00,2025-04-10T00:26:29-07:00,0,26
style.css,34,css,d2525a26,Lucas Sherles,2025-04-10,00:26:29,-07:00,2025-04-10T00:26:29-07:00,0,21
style.css,35,css,d2525a26,Lucas Sherles,2025-04-10,00:26:29,-07:00,2025-04-10T00:26:29-07:00,0,17
style.css,36,css,d2525a26,Lucas Sherles,2025-04-10,00:26:29,-07:00,2025-04-10T00:26:29-07:00,0,0
style.css,37,css,d2525a26,Lucas Sherles,2025-04-10,00:26:29,-07:00,2025-04-10T00:26:29-07:00,0,0
style.css,38,css,d2525a26,Lucas Sherles,2025-04-10,00:26:29,-07:00,2025-04-10T00:26:29-07:00,0,11
style.css,39,css,51dc2376,Lucas Sherles,2025-04-15,16:51:59,-07:00,2025-04-15T16:51:59-07:00,0,70
style.css,40,css,d2525a26,Lucas Sherles,2025-04-10,00:26:29,-07:00,2025-04-10T00:26:29-07:00,0,46
style.css,41,css,d2525a26,Lucas Sherles,2025-04-10,00:26:29,-07:00,2025-04-10T00:26:29-07:00,0,0
style.css,42,css,d2525a26,Lucas Sherles,2025-04-10,00:26:29,-07:00,2025-04-10T00:26:29-07:00,0,5
style.css,43,css,fd7fe4e1,Lucas Sherles,2025-07-21,15:42:21,-07:00,2025-07-21T15:42:21-07:00,0,46
style.css,44,css,d2525a26,Lucas Sherles,2025-04-10,00:26:29,-07:00,2025-04-10T00:26:29-07:00,0,33
style.css,45,css,51dc2376,Lucas Sherles,2025-04-15,16:51:59,-07:00,2025-04-15T16:51:59-07:00,0,24
style.css,46,css,680f39bb,Lucas Sherles,2025-04-15,16:21:25,-07:00,2025-04-15T16:21:25-07:00,0,24
style.css,47,css,680f39bb,Lucas Sherles,2025-04-15,16:21:25,-07:00,2025-04-15T16:21:25-07:00,0,17
style.css,48,css,51dc2376,Lucas Sherles,2025-04-15,16:51:59,-07:00,2025-04-15T16:51:59-07:00,0,25
style.css,49,css,51dc2376,Lucas Sherles,2025-04-15,16:51:59,-07:00,2025-04-15T16:51:59-07:00,0,16
style.css,50,css,d2525a26,Lucas Sherles,2025-04-10,00:26:29,-07:00,2025-04-10T00:26:29-07:00,0,0
style.css,51,css,51dc2376,Lucas Sherles,2025-04-15,16:51:59,-07:00,2025-04-15T16:51:59-07:00,0,0
style.css,52,css,51dc2376,Lucas Sherles,2025-04-15,16:51:59,-07:00,2025-04-15T16:51:59-07:00,0,36
style.css,53,css,51dc2376,Lucas Sherles,2025-04-15,16:51:59,-07:00,2025-04-15T16:51:59-07:00,0,6
style.css,54,css,51dc2376,Lucas Sherles,2025-04-15,16:51:59,-07:00,2025-04-15T16:51:59-07:00,0,28
style.css,55,css,51dc2376,Lucas Sherles,2025-04-15,16:51:59,-07:00,2025-04-15T16:51:59-07:00,0,16
style.css,56,css,51dc2376,Lucas Sherles,2025-04-15,16:51:59,-07:00,2025-04-15T16:51:59-07:00,0,41
style.css,57,css,51dc2376,Lucas Sherles,2025-04-15,16:51:59,-07:00,2025-04-15T16:51:59-07:00,0,0
style.css,58,css,51dc2376,Lucas Sherles,2025-04-15,16:51:59,-07:00,2025-04-15T16:51:59-07:00,0,0
style.css,59,css,51dc2376,Lucas Sherles,2025-04-15,16:51:59,-07:00,2025-04-15T16:51:59-07:00,0,0
style.css,60,css,d2525a26,Lucas Sherles,2025-04-10,00:26:29,-07:00,2025-04-10T00:26:29-07:00,0,0
style.css,61,css,4208850b,Lucas Sherles,2025-04-10,14:56:40,-07:00,2025-04-10T14:56:40-07:00,0,5
style.css,62,css,4208850b,Lucas Sherles,2025-04-10,14:56:40,-07:00,2025-04-10T14:56:40-07:00,0,13
style.css,63,css,4208850b,Lucas Sherles,2025-04-10,14:56:40,-07:00,2025-04-10T14:56:40-07:00,0,31
style.css,64,css,4208850b,Lucas Sherles,2025-04-10,14:56:40,-07:00,2025-04-10T14:56:40-07:00,0,8
style.css,65,css,4208850b,Lucas Sherles,2025-04-10,14:56:40,-07:00,2025-04-10T14:56:40-07:00,0,0
style.css,66,css,4208850b,Lucas Sherles,2025-04-10,14:56:40,-07:00,2025-04-10T14:56:40-07:00,0,0
style.css,67,css,4208850b,Lucas Sherles,2025-04-10,14:56:40,-07:00,2025-04-10T14:56:40-07:00,0,0
style.css,68,css,4208850b,Lucas Sherles,2025-04-10,14:56:40,-07:00,2025-04-10T14:56:40-07:00,0,6
style.css,69,css,4208850b,Lucas Sherles,2025-04-10,14:56:40,-07:00,2025-04-10T14:56:40-07:00,0,13
style.css,70,css,4208850b,Lucas Sherles,2025-04-10,14:56:40,-07:00,2025-04-10T14:56:40-07:00,0,30
style.css,71,css,4208850b,Lucas Sherles,2025-04-10,14:56:40,-07:00,2025-04-10T14:56:40-07:00,0,19
style.css,72,css,4208850b,Lucas Sherles,2025-04-10,14:56:40,-07:00,2025-04-10T14:56:40-07:00,0,0
style.css,73,css,4208850b,Lucas Sherles,2025-04-10,14:56:40,-07:00,2025-04-10T14:56:40-07:00,0,0
style.css,74,css,4208850b,Lucas Sherles,2025-04-10,14:56:40,-07:00,2025-04-10T14:56:40-07:00,0,5
style.css,75,css,4208850b,Lucas Sherles,2025-04-10,14:56:40,-07:00,2025-04-10T14:56:40-07:00,0,9
style.css,76,css,4208850b,Lucas Sherles,2025-04-10,14:56:40,-07:00,2025-04-10T14:56:40-07:00,0,13
style.css,77,css,4208850b,Lucas Sherles,2025-04-10,14:56:40,-07:00,2025-04-10T14:56:40-07:00,0,14
style.css,78,css,4208850b,Lucas Sherles,2025-04-10,14:56:40,-07:00,2025-04-10T14:56:40-07:00,0,22
style.css,79,css,4208850b,Lucas Sherles,2025-04-10,14:56:40,-07:00,2025-04-10T14:56:40-07:00,0,11
style.css,80,css,4208850b,Lucas Sherles,2025-04-10,14:56:40,-07:00,2025-04-10T14:56:40-07:00,0,0
style.css,81,css,4208850b,Lucas Sherles,2025-04-10,14:56:40,-07:00,2025-04-10T14:56:40-07:00,0,0
style.css,82,css,4208850b,Lucas Sherles,2025-04-10,14:56:40,-07:00,2025-04-10T14:56:40-07:00,0,7
style.css,83,css,4208850b,Lucas Sherles,2025-04-10,14:56:40,-07:00,2025-04-10T14:56:40-07:00,0,19
style.css,84,css,4208850b,Lucas Sherles,2025-04-10,14:56:40,-07:00,2025-04-10T14:56:40-07:00,0,13
style.css,85,css,4208850b,Lucas Sherles,2025-04-10,14:56:40,-07:00,2025-04-10T14:56:40-07:00,0,15
style.css,86,css,4208850b,Lucas Sherles,2025-04-10,14:56:40,-07:00,2025-04-10T14:56:40-07:00,0,0
style.css,87,css,4208850b,Lucas Sherles,2025-04-10,14:56:40,-07:00,2025-04-10T14:56:40-07:00,0,0
style.css,88,css,4208850b,Lucas Sherles,2025-04-10,14:56:40,-07:00,2025-04-10T14:56:40-07:00,0,9
style.css,89,css,4208850b,Lucas Sherles,2025-04-10,14:56:40,-07:00,2025-04-10T14:56:40-07:00,0,13
style.css,90,css,4208850b,Lucas Sherles,2025-04-10,14:56:40,-07:00,2025-04-10T14:56:40-07:00,0,59
style.css,91,css,4208850b,Lucas Sherles,2025-04-10,14:56:40,-07:00,2025-04-10T14:56:40-07:00,0,8
style.css,92,css,4208850b,Lucas Sherles,2025-04-10,14:56:40,-07:00,2025-04-10T14:56:40-07:00,0,0
style.css,93,css,4208850b,Lucas Sherles,2025-04-10,14:56:40,-07:00,2025-04-10T14:56:40-07:00,0,18
style.css,94,css,4208850b,Lucas Sherles,2025-04-10,14:56:40,-07:00,2025-04-10T14:56:40-07:00,0,13
style.css,95,css,4208850b,Lucas Sherles,2025-04-10,14:56:40,-07:00,2025-04-10T14:56:40-07:00,0,27
style.css,96,css,4208850b,Lucas Sherles,2025-04-10,14:56:40,-07:00,2025-04-10T14:56:40-07:00,0,16
style.css,97,css,4208850b,Lucas Sherles,2025-04-10,14:56:40,-07:00,2025-04-10T14:56:40-07:00,0,0
style.css,98,css,2e90fcd4,Lucas Sherles,2025-05-17,18:14:32,-07:00,2025-05-17T18:14:32-07:00,0,0
style.css,99,css,2e90fcd4,Lucas Sherles,2025-05-17,18:14:32,-07:00,2025-05-17T18:14:32-07:00,0,14
style.css,100,css,2e90fcd4,Lucas Sherles,2025-05-17,18:14:32,-07:00,2025-05-17T18:14:32-07:00,0,12
style.css,101,css,2e90fcd4,Lucas Sherles,2025-05-17,18:14:32,-07:00,2025-05-17T18:14:32-07:00,0,13
style.css,102,css,2e90fcd4,Lucas Sherles,2025-05-17,18:14:32,-07:00,2025-05-17T18:14:32-07:00,0,17
style.css,103,css,2e90fcd4,Lucas Sherles,2025-05-17,18:14:32,-07:00,2025-05-17T18:14:32-07:00,0,14
style.css,104,css,2e90fcd4,Lucas Sherles,2025-05-17,18:14:32,-07:00,2025-05-17T18:14:32-07:00,0,18
style.css,105,css,2e90fcd4,Lucas Sherles,2025-05-17,18:14:32,-07:00,2025-05-17T18:14:32-07:00,0,0
style.css,106,css,2e90fcd4,Lucas Sherles,2025-05-17,18:14:32,-07:00,2025-05-17T18:14:32-07:00,0,0
style.css,107,css,4208850b,Lucas Sherles,2025-04-10,14:56:40,-07:00,2025-04-10T14:56:40-07:00,0,13
style.css,108,css,4208850b,Lucas Sherles,2025-04-10,14:56:40,-07:00,2025-04-10T14:56:40-07:00,0,9
style.css,109,css,4208850b,Lucas Sherles,2025-04-10,14:56:40,-07:00,2025-04-10T14:56:40-07:00,0,0
style.css,110,css,4208850b,Lucas Sherles,2025-04-10,14:56:40,-07:00,2025-04-10T14:56:40-07:00,0,0
style.css,111,css,4208850b,Lucas Sherles,2025-04-10,14:56:40,-07:00,2025-04-10T14:56:40-07:00,0,2
style.css,112,css,35f7f335,Lucas Sherles,2025-04-10,15:03:25,-07:00,2025-04-10T15:03:25-07:00,0,15
style.css,113,css,4208850b,Lucas Sherles,2025-04-10,14:56:40,-07:00,2025-04-10T14:56:40-07:00,0,0
style.css,114,css,4208850b,Lucas Sherles,2025-04-10,14:56:40,-07:00,2025-04-10T14:56:40-07:00,0,23
style.css,115,css,4208850b,Lucas Sherles,2025-04-10,14:56:40,-07:00,2025-04-10T14:56:40-07:00,0,16
style.css,116,css,4208850b,Lucas Sherles,2025-04-10,14:56:40,-07:00,2025-04-10T14:56:40-07:00,0,18
style.css,117,css,4208850b,Lucas Sherles,2025-04-10,14:56:40,-07:00,2025-04-10T14:56:40-07:00,0,0
style.css,118,css,4208850b,Lucas Sherles,2025-04-10,14:56:40,-07:00,2025-04-10T14:56:40-07:00,0,0
style.css,119,css,680f39bb,Lucas Sherles,2025-04-15,16:21:25,-07:00,2025-04-15T16:21:25-07:00,0,19
style.css,120,css,680f39bb,Lucas Sherles,2025-04-15,16:21:25,-07:00,2025-04-15T16:21:25-07:00,0,18
style.css,121,css,680f39bb,Lucas Sherles,2025-04-15,16:21:25,-07:00,2025-04-15T16:21:25-07:00,0,9
style.css,122,css,680f39bb,Lucas Sherles,2025-04-15,16:21:25,-07:00,2025-04-15T16:21:25-07:00,0,11
style.css,123,css,680f39bb,Lucas Sherles,2025-04-15,16:21:25,-07:00,2025-04-15T16:21:25-07:00,0,14
style.css,124,css,680f39bb,Lucas Sherles,2025-04-15,16:21:25,-07:00,2025-04-15T16:21:25-07:00,0,20
style.css,125,css,680f39bb,Lucas Sherles,2025-04-15,16:21:25,-07:00,2025-04-15T16:21:25-07:00,0,0
style.css,126,css,59bf5d39,Lucas Sherles,2025-04-24,11:57:10,-07:00,2025-04-24T11:57:10-07:00,0,0
style.css,127,css,59bf5d39,Lucas Sherles,2025-04-24,11:57:10,-07:00,2025-04-24T11:57:10-07:00,0,15
style.css,128,css,59bf5d39,Lucas Sherles,2025-04-24,11:57:10,-07:00,2025-04-24T11:57:10-07:00,0,16
style.css,129,css,59bf5d39,Lucas Sherles,2025-04-24,11:57:10,-07:00,2025-04-24T11:57:10-07:00,0,13
style.css,130,css,59bf5d39,Lucas Sherles,2025-04-24,11:57:10,-07:00,2025-04-24T11:57:10-07:00,0,30
style.css,131,css,59bf5d39,Lucas Sherles,2025-04-24,11:57:10,-07:00,2025-04-24T11:57:10-07:00,0,18
style.css,132,css,59bf5d39,Lucas Sherles,2025-04-24,11:57:10,-07:00,2025-04-24T11:57:10-07:00,0,16
style.css,133,css,59bf5d39,Lucas Sherles,2025-04-24,11:57:10,-07:00,2025-04-24T11:57:10-07:00,0,0
style.css,134,css,59bf5d39,Lucas Sherles,2025-04-24,11:57:10,-07:00,2025-04-24T11:57:10-07:00,0,0
style.css,135,css,59bf5d39,Lucas Sherles,2025-04-24,11:57:10,-07:00,2025-04-24T11:57:10-07:00,0,18
style.css,136,css,59bf5d39,Lucas Sherles,2025-04-24,11:57:10,-07:00,2025-04-24T11:57:10-07:00,0,13
style.css,137,css,59bf5d39,Lucas Sherles,2025-04-24,11:57:10,-07:00,2025-04-24T11:57:10-07:00,0,37
style.css,138,css,59bf5d39,Lucas Sherles,2025-04-24,11:57:10,-07:00,2025-04-24T11:57:10-07:00,0,11
style.css,139,css,59bf5d39,Lucas Sherles,2025-04-24,11:57:10,-07:00,2025-04-24T11:57:10-07:00,0,18
style.css,140,css,59bf5d39,Lucas Sherles,2025-04-24,11:57:10,-07:00,2025-04-24T11:57:10-07:00,0,0
style.css,141,css,59bf5d39,Lucas Sherles,2025-04-24,11:57:10,-07:00,2025-04-24T11:57:10-07:00,0,0
style.css,142,css,59bf5d39,Lucas Sherles,2025-04-24,11:57:10,-07:00,2025-04-24T11:57:10-07:00,0,18
style.css,143,css,59bf5d39,Lucas Sherles,2025-04-24,11:57:10,-07:00,2025-04-24T11:57:10-07:00,0,17
style.css,144,css,59bf5d39,Lucas Sherles,2025-04-24,11:57:10,-07:00,2025-04-24T11:57:10-07:00,0,11
style.css,145,css,59bf5d39,Lucas Sherles,2025-04-24,11:57:10,-07:00,2025-04-24T11:57:10-07:00,0,0
style.css,146,css,59bf5d39,Lucas Sherles,2025-04-24,11:57:10,-07:00,2025-04-24T11:57:10-07:00,0,0
style.css,147,css,59bf5d39,Lucas Sherles,2025-04-24,11:57:10,-07:00,2025-04-24T11:57:10-07:00,0,18
style.css,148,css,59bf5d39,Lucas Sherles,2025-04-24,11:57:10,-07:00,2025-04-24T11:57:10-07:00,0,9
style.css,149,css,59bf5d39,Lucas Sherles,2025-04-24,11:57:10,-07:00,2025-04-24T11:57:10-07:00,0,11
style.css,150,css,59bf5d39,Lucas Sherles,2025-04-24,11:57:10,-07:00,2025-04-24T11:57:10-07:00,0,17
style.css,151,css,59bf5d39,Lucas Sherles,2025-04-24,11:57:10,-07:00,2025-04-24T11:57:10-07:00,0,0
style.css,152,css,79c4c190,Lucas Sherles,2025-04-30,19:40:52,-07:00,2025-04-30T19:40:52-07:00,0,14
style.css,153,css,79c4c190,Lucas Sherles,2025-04-30,19:40:52,-07:00,2025-04-30T19:40:52-07:00,0,16
style.css,154,css,79c4c190,Lucas Sherles,2025-04-30,19:40:52,-07:00,2025-04-30T19:40:52-07:00,0,0
style.css,155,css,79c4c190,Lucas Sherles,2025-04-30,19:40:52,-07:00,2025-04-30T19:40:52-07:00,0,0
style.css,156,css,79c4c190,Lucas Sherles,2025-04-30,19:40:52,-07:00,2025-04-30T19:40:52-07:00,0,14
style.css,157,css,79c4c190,Lucas Sherles,2025-04-30,19:40:52,-07:00,2025-04-30T19:40:52-07:00,0,11
style.css,158,css,79c4c190,Lucas Sherles,2025-04-30,19:40:52,-07:00,2025-04-30T19:40:52-07:00,0,18
style.css,159,css,79c4c190,Lucas Sherles,2025-04-30,19:40:52,-07:00,2025-04-30T19:40:52-07:00,0,18
style.css,160,css,79c4c190,Lucas Sherles,2025-04-30,19:40:52,-07:00,2025-04-30T19:40:52-07:00,0,24
style.css,161,css,79c4c190,Lucas Sherles,2025-04-30,19:40:52,-07:00,2025-04-30T19:40:52-07:00,0,35
style.css,162,css,79c4c190,Lucas Sherles,2025-04-30,19:40:52,-07:00,2025-04-30T19:40:52-07:00,0,0
style.css,163,css,79c4c190,Lucas Sherles,2025-04-30,19:40:52,-07:00,2025-04-30T19:40:52-07:00,0,0
style.css,164,css,79c4c190,Lucas Sherles,2025-04-30,19:40:52,-07:00,2025-04-30T19:40:52-07:00,0,19
style.css,165,css,79c4c190,Lucas Sherles,2025-04-30,19:40:52,-07:00,2025-04-30T19:40:52-07:00,0,48
style.css,166,css,79c4c190,Lucas Sherles,2025-04-30,19:40:52,-07:00,2025-04-30T19:40:52-07:00,0,49
style.css,167,css,79c4c190,Lucas Sherles,2025-04-30,19:40:52,-07:00,2025-04-30T19:40:52-07:00,0,15
style.css,168,css,79c4c190,Lucas Sherles,2025-04-30,19:40:52,-07:00,2025-04-30T19:40:52-07:00,0,44
style.css,169,css,79c4c190,Lucas Sherles,2025-04-30,19:40:52,-07:00,2025-04-30T19:40:52-07:00,0,12
style.css,170,css,79c4c190,Lucas Sherles,2025-04-30,19:40:52,-07:00,2025-04-30T19:40:52-07:00,0,12
style.css,171,css,79c4c190,Lucas Sherles,2025-04-30,19:40:52,-07:00,2025-04-30T19:40:52-07:00,0,18
style.css,172,css,79c4c190,Lucas Sherles,2025-04-30,19:40:52,-07:00,2025-04-30T19:40:52-07:00,0,0
style.css,173,css,79c4c190,Lucas Sherles,2025-04-30,19:40:52,-07:00,2025-04-30T19:40:52-07:00,0,0
style.css,174,css,79c4c190,Lucas Sherles,2025-04-30,19:40:52,-07:00,2025-04-30T19:40:52-07:00,0,0
style.css,175,css,79c4c190,Lucas Sherles,2025-04-30,19:40:52,-07:00,2025-04-30T19:40:52-07:00,0,21
style.css,176,css,79c4c190,Lucas Sherles,2025-04-30,19:40:52,-07:00,2025-04-30T19:40:52-07:00,0,8
style.css,177,css,79c4c190,Lucas Sherles,2025-04-30,19:40:52,-07:00,2025-04-30T19:40:52-07:00,0,13
style.css,178,css,79c4c190,Lucas Sherles,2025-04-30,19:40:52,-07:00,2025-04-30T19:40:52-07:00,0,75
style.css,179,css,79c4c190,Lucas Sherles,2025-04-30,19:40:52,-07:00,2025-04-30T19:40:52-07:00,0,43
style.css,180,css,79c4c190,Lucas Sherles,2025-04-30,19:40:52,-07:00,2025-04-30T19:40:52-07:00,0,16
style.css,181,css,79c4c190,Lucas Sherles,2025-04-30,19:40:52,-07:00,2025-04-30T19:40:52-07:00,0,12
style.css,182,css,79c4c190,Lucas Sherles,2025-04-30,19:40:52,-07:00,2025-04-30T19:40:52-07:00,0,16
style.css,183,css,79c4c190,Lucas Sherles,2025-04-30,19:40:52,-07:00,2025-04-30T19:40:52-07:00,0,39
style.css,184,css,79c4c190,Lucas Sherles,2025-04-30,19:40:52,-07:00,2025-04-30T19:40:52-07:00,0,44
style.css,185,css,79c4c190,Lucas Sherles,2025-04-30,19:40:52,-07:00,2025-04-30T19:40:52-07:00,0,53
style.css,186,css,edc27802,Lucas Sherles,2025-07-21,15:05:51,-07:00,2025-07-21T15:05:51-07:00,0,10
style.css,187,css,79c4c190,Lucas Sherles,2025-04-30,19:40:52,-07:00,2025-04-30T19:40:52-07:00,0,0
style.css,188,css,79c4c190,Lucas Sherles,2025-04-30,19:40:52,-07:00,2025-04-30T19:40:52-07:00,0,0
style.css,189,css,79c4c190,Lucas Sherles,2025-04-30,19:40:52,-07:00,2025-04-30T19:40:52-07:00,0,21
style.css,190,css,79c4c190,Lucas Sherles,2025-04-30,19:40:52,-07:00,2025-04-30T19:40:52-07:00,0,13
style.css,191,css,79c4c190,Lucas Sherles,2025-04-30,19:40:52,-07:00,2025-04-30T19:40:52-07:00,0,13
style.css,192,css,79c4c190,Lucas Sherles,2025-04-30,19:40:52,-07:00,2025-04-30T19:40:52-07:00,0,19
style.css,193,css,79c4c190,Lucas Sherles,2025-04-30,19:40:52,-07:00,2025-04-30T19:40:52-07:00,0,47
style.css,194,css,79c4c190,Lucas Sherles,2025-04-30,19:40:52,-07:00,2025-04-30T19:40:52-07:00,0,17
style.css,195,css,79c4c190,Lucas Sherles,2025-04-30,19:40:52,-07:00,2025-04-30T19:40:52-07:00,0,0
style.css,196,css,79c4c190,Lucas Sherles,2025-04-30,19:40:52,-07:00,2025-04-30T19:40:52-07:00,0,0
style.css,197,css,79c4c190,Lucas Sherles,2025-04-30,19:40:52,-07:00,2025-04-30T19:40:52-07:00,0,17
style.css,198,css,79c4c190,Lucas Sherles,2025-04-30,19:40:52,-07:00,2025-04-30T19:40:52-07:00,0,21
style.css,199,css,79c4c190,Lucas Sherles,2025-04-30,19:40:52,-07:00,2025-04-30T19:40:52-07:00,0,21
style.css,200,css,79c4c190,Lucas Sherles,2025-04-30,19:40:52,-07:00,2025-04-30T19:40:52-07:00,0,10
style.css,201,css,79c4c190,Lucas Sherles,2025-04-30,19:40:52,-07:00,2025-04-30T19:40:52-07:00,0,11
style.css,202,css,79c4c190,Lucas Sherles,2025-04-30,19:40:52,-07:00,2025-04-30T19:40:52-07:00,0,30
style.css,203,css,edc27802,Lucas Sherles,2025-07-21,15:05:51,-07:00,2025-07-21T15:05:51-07:00,0,40
style.css,204,css,79c4c190,Lucas Sherles,2025-04-30,19:40:52,-07:00,2025-04-30T19:40:52-07:00,0,14
style.css,205,css,79c4c190,Lucas Sherles,2025-04-30,19:40:52,-07:00,2025-04-30T19:40:52-07:00,0,11
style.css,206,css,79c4c190,Lucas Sherles,2025-04-30,19:40:52,-07:00,2025-04-30T19:40:52-07:00,0,0
style.css,207,css,79c4c190,Lucas Sherles,2025-04-30,19:40:52,-07:00,2025-04-30T19:40:52-07:00,0,16
style.css,208,css,edc27802,Lucas Sherles,2025-07-21,15:05:51,-07:00,2025-07-21T15:05:51-07:00,0,44
style.css,209,css,79c4c190,Lucas Sherles,2025-04-30,19:40:52,-07:00,2025-04-30T19:40:52-07:00,0,0
style.css,210,css,79c4c190,Lucas Sherles,2025-04-30,19:40:52,-07:00,2025-04-30T19:40:52-07:00,0,0
style.css,211,css,79c4c190,Lucas Sherles,2025-04-30,19:40:52,-07:00,2025-04-30T19:40:52-07:00,0,11
style.css,212,css,79c4c190,Lucas Sherles,2025-04-30,19:40:52,-07:00,2025-04-30T19:40:52-07:00,0,13
style.css,213,css,79c4c190,Lucas Sherles,2025-04-30,19:40:52,-07:00,2025-04-30T19:40:52-07:00,0,52
style.css,214,css,79c4c190,Lucas Sherles,2025-04-30,19:40:52,-07:00,2025-04-30T19:40:52-07:00,0,59
style.css,215,css,79c4c190,Lucas Sherles,2025-04-30,19:40:52,-07:00,2025-04-30T19:40:52-07:00,0,67
style.css,216,css,79c4c190,Lucas Sherles,2025-04-30,19:40:52,-07:00,2025-04-30T19:40:52-07:00,0,0
style.css,217,css,79c4c190,Lucas Sherles,2025-04-30,19:40:52,-07:00,2025-04-30T19:40:52-07:00,0,0
style.css,218,css,79c4c190,Lucas Sherles,2025-04-30,19:40:52,-07:00,2025-04-30T19:40:52-07:00,0,19
style.css,219,css,79c4c190,Lucas Sherles,2025-04-30,19:40:52,-07:00,2025-04-30T19:40:52-07:00,0,49
style.css,220,css,79c4c190,Lucas Sherles,2025-04-30,19:40:52,-07:00,2025-04-30T19:40:52-07:00,0,13
style.css,221,css,79c4c190,Lucas Sherles,2025-04-30,19:40:52,-07:00,2025-04-30T19:40:52-07:00,0,58
style.css,222,css,79c4c190,Lucas Sherles,2025-04-30,19:40:52,-07:00,2025-04-30T19:40:52-07:00,0,11
style.css,223,css,79c4c190,Lucas Sherles,2025-04-30,19:40:52,-07:00,2025-04-30T19:40:52-07:00,0,10
style.css,224,css,79c4c190,Lucas Sherles,2025-04-30,19:40:52,-07:00,2025-04-30T19:40:52-07:00,0,9
style.css,225,css,79c4c190,Lucas Sherles,2025-04-30,19:40:52,-07:00,2025-04-30T19:40:52-07:00,0,16
style.css,226,css,79c4c190,Lucas Sherles,2025-04-30,19:40:52,-07:00,2025-04-30T19:40:52-07:00,0,0
style.css,227,css,79c4c190,Lucas Sherles,2025-04-30,19:40:52,-07:00,2025-04-30T19:40:52-07:00,0,0
style.css,228,css,7d6462c5,Lucas Sherles,2025-05-01,13:23:48,-07:00,2025-05-01T13:23:48-07:00,0,27
style.css,229,css,7d6462c5,Lucas Sherles,2025-05-01,13:23:48,-07:00,2025-05-01T13:23:48-07:00,0,12
style.css,230,css,7d6462c5,Lucas Sherles,2025-05-01,13:23:48,-07:00,2025-05-01T13:23:48-07:00,0,0
style.css,231,css,7d6462c5,Lucas Sherles,2025-05-01,13:23:48,-07:00,2025-05-01T13:23:48-07:00,0,5
style.css,232,css,7d6462c5,Lucas Sherles,2025-05-01,13:23:48,-07:00,2025-05-01T13:23:48-07:00,0,16
style.css,233,css,7d6462c5,Lucas Sherles,2025-05-01,13:23:48,-07:00,2025-05-01T13:23:48-07:00,0,15
style.css,234,css,7d6462c5,Lucas Sherles,2025-05-01,13:23:48,-07:00,2025-05-01T13:23:48-07:00,0,0
style.css,235,css,7d6462c5,Lucas Sherles,2025-05-01,13:23:48,-07:00,2025-05-01T13:23:48-07:00,0,14
style.css,236,css,7d6462c5,Lucas Sherles,2025-05-01,13:23:48,-07:00,2025-05-01T13:23:48-07:00,0,42
style.css,237,css,7d6462c5,Lucas Sherles,2025-05-01,13:23:48,-07:00,2025-05-01T13:23:48-07:00,0,0
style.css,238,css,7d6462c5,Lucas Sherles,2025-05-01,13:23:48,-07:00,2025-05-01T13:23:48-07:00,0,0
style.css,239,css,7d6462c5,Lucas Sherles,2025-05-01,13:23:48,-07:00,2025-05-01T13:23:48-07:00,0,22
style.css,240,css,7d6462c5,Lucas Sherles,2025-05-01,13:23:48,-07:00,2025-05-01T13:23:48-07:00,0,45
style.css,241,css,8b17e137,Lucas Sherles,2025-05-07,19:23:51,-07:00,2025-05-07T19:23:51-07:00,0,0
style.css,242,css,8b17e137,Lucas Sherles,2025-05-07,19:23:51,-07:00,2025-05-07T19:23:51-07:00,0,0
style.css,243,css,8b17e137,Lucas Sherles,2025-05-07,19:23:51,-07:00,2025-05-07T19:23:51-07:00,0,16
style.css,244,css,8b17e137,Lucas Sherles,2025-05-07,19:23:51,-07:00,2025-05-07T19:23:51-07:00,0,12
style.css,245,css,8b17e137,Lucas Sherles,2025-05-07,19:23:51,-07:00,2025-05-07T19:23:51-07:00,0,19
style.css,246,css,8b17e137,Lucas Sherles,2025-05-07,19:23:51,-07:00,2025-05-07T19:23:51-07:00,0,0
style.css,247,css,8b17e137,Lucas Sherles,2025-05-07,19:23:51,-07:00,2025-05-07T19:23:51-07:00,0,16
style.css,248,css,8b17e137,Lucas Sherles,2025-05-07,19:23:51,-07:00,2025-05-07T19:23:51-07:00,0,13
style.css,249,css,8b17e137,Lucas Sherles,2025-05-07,19:23:51,-07:00,2025-05-07T19:23:51-07:00,0,0
style.css,250,css,8b17e137,Lucas Sherles,2025-05-07,19:23:51,-07:00,2025-05-07T19:23:51-07:00,0,0
style.css,251,css,8b17e137,Lucas Sherles,2025-05-07,19:23:51,-07:00,2025-05-07T19:23:51-07:00,0,8
style.css,252,css,8b17e137,Lucas Sherles,2025-05-07,19:23:51,-07:00,2025-05-07T19:23:51-07:00,0,13
style.css,253,css,8b17e137,Lucas Sherles,2025-05-07,19:23:51,-07:00,2025-05-07T19:23:51-07:00,0,31
style.css,254,css,8b17e137,Lucas Sherles,2025-05-07,19:23:51,-07:00,2025-05-07T19:23:51-07:00,0,14
style.css,255,css,8b17e137,Lucas Sherles,2025-05-07,19:23:51,-07:00,2025-05-07T19:23:51-07:00,0,9
style.css,256,css,8b17e137,Lucas Sherles,2025-05-07,19:23:51,-07:00,2025-05-07T19:23:51-07:00,0,12
style.css,257,css,8b17e137,Lucas Sherles,2025-05-07,19:23:51,-07:00,2025-05-07T19:23:51-07:00,0,23
style.css,258,css,8b17e137,Lucas Sherles,2025-05-07,19:23:51,-07:00,2025-05-07T19:23:51-07:00,0,42
style.css,259,css,8b17e137,Lucas Sherles,2025-05-07,19:23:51,-07:00,2025-05-07T19:23:51-07:00,0,42
style.css,260,css,8b17e137,Lucas Sherles,2025-05-07,19:23:51,-07:00,2025-05-07T19:23:51-07:00,0,18
style.css,261,css,8b17e137,Lucas Sherles,2025-05-07,19:23:51,-07:00,2025-05-07T19:23:51-07:00,0,26
style.css,262,css,8b17e137,Lucas Sherles,2025-05-07,19:23:51,-07:00,2025-05-07T19:23:51-07:00,0,26
style.css,263,css,8b17e137,Lucas Sherles,2025-05-07,19:23:51,-07:00,2025-05-07T19:23:51-07:00,0,40
style.css,264,css,8b17e137,Lucas Sherles,2025-05-07,19:23:51,-07:00,2025-05-07T19:23:51-07:00,0,16
style.css,265,css,8b17e137,Lucas Sherles,2025-05-07,19:23:51,-07:00,2025-05-07T19:23:51-07:00,0,17
style.css,266,css,8b17e137,Lucas Sherles,2025-05-07,19:23:51,-07:00,2025-05-07T19:23:51-07:00,0,0
style.css,267,css,8b17e137,Lucas Sherles,2025-05-07,19:23:51,-07:00,2025-05-07T19:23:51-07:00,0,0
style.css,268,css,8b17e137,Lucas Sherles,2025-05-07,19:23:51,-07:00,2025-05-07T19:23:51-07:00,0,9
style.css,269,css,8b17e137,Lucas Sherles,2025-05-07,19:23:51,-07:00,2025-05-07T19:23:51-07:00,0,15
style.css,270,css,8b17e137,Lucas Sherles,2025-05-07,19:23:51,-07:00,2025-05-07T19:23:51-07:00,0,8
style.css,271,css,8b17e137,Lucas Sherles,2025-05-07,19:23:51,-07:00,2025-05-07T19:23:51-07:00,0,9
style.css,272,css,8b17e137,Lucas Sherles,2025-05-07,19:23:51,-07:00,2025-05-07T19:23:51-07:00,0,13
style.css,273,css,8b17e137,Lucas Sherles,2025-05-07,19:23:51,-07:00,2025-05-07T19:23:51-07:00,0,0
style.css,274,css,8b17e137,Lucas Sherles,2025-05-07,19:23:51,-07:00,2025-05-07T19:23:51-07:00,0,8
style.css,275,css,8b17e137,Lucas Sherles,2025-05-07,19:23:51,-07:00,2025-05-07T19:23:51-07:00,0,13
style.css,276,css,8b17e137,Lucas Sherles,2025-05-07,19:23:51,-07:00,2025-05-07T19:23:51-07:00,0,31
style.css,277,css,8b17e137,Lucas Sherles,2025-05-07,19:23:51,-07:00,2025-05-07T19:23:51-07:00,0,14
style.css,278,css,8b17e137,Lucas Sherles,2025-05-07,19:23:51,-07:00,2025-05-07T19:23:51-07:00,0,9
style.css,279,css,8b17e137,Lucas Sherles,2025-05-07,19:23:51,-07:00,2025-05-07T19:23:51-07:00,0,12
style.css,280,css,8b17e137,Lucas Sherles,2025-05-07,19:23:51,-07:00,2025-05-07T19:23:51-07:00,0,23
style.css,281,css,8b17e137,Lucas Sherles,2025-05-07,19:23:51,-07:00,2025-05-07T19:23:51-07:00,0,42
style.css,282,css,8b17e137,Lucas Sherles,2025-05-07,19:23:51,-07:00,2025-05-07T19:23:51-07:00,0,42
style.css,283,css,8b17e137,Lucas Sherles,2025-05-07,19:23:51,-07:00,2025-05-07T19:23:51-07:00,0,18
style.css,284,css,8b17e137,Lucas Sherles,2025-05-07,19:23:51,-07:00,2025-05-07T19:23:51-07:00,0,26
style.css,285,css,8b17e137,Lucas Sherles,2025-05-07,19:23:51,-07:00,2025-05-07T19:23:51-07:00,0,26
style.css,286,css,8b17e137,Lucas Sherles,2025-05-07,19:23:51,-07:00,2025-05-07T19:23:51-07:00,0,40
style.css,287,css,8b17e137,Lucas Sherles,2025-05-07,19:23:51,-07:00,2025-05-07T19:23:51-07:00,0,16
style.css,288,css,8b17e137,Lucas Sherles,2025-05-07,19:23:51,-07:00,2025-05-07T19:23:51-07:00,0,17
style.css,289,css,8b17e137,Lucas Sherles,2025-05-07,19:23:51,-07:00,2025-05-07T19:23:51-07:00,0,0
style.css,290,css,8b17e137,Lucas Sherles,2025-05-07,19:23:51,-07:00,2025-05-07T19:23:51-07:00,0,0
style.css,291,css,8b17e137,Lucas Sherles,2025-05-07,19:23:51,-07:00,2025-05-07T19:23:51-07:00,0,0
style.css,292,css,8b17e137,Lucas Sherles,2025-05-07,19:23:51,-07:00,2025-05-07T19:23:51-07:00,0,43
style.css,293,css,8b17e137,Lucas Sherles,2025-05-07,19:23:51,-07:00,2025-05-07T19:23:51-07:00,0,10
style.css,294,css,8b17e137,Lucas Sherles,2025-05-07,19:23:51,-07:00,2025-05-07T19:23:51-07:00,0,18
style.css,295,css,8b17e137,Lucas Sherles,2025-05-07,19:23:51,-07:00,2025-05-07T19:23:51-07:00,0,0
style.css,296,css,8b17e137,Lucas Sherles,2025-05-07,19:23:51,-07:00,2025-05-07T19:23:51-07:00,0,0
style.css,297,css,8b17e137,Lucas Sherles,2025-05-07,19:23:51,-07:00,2025-05-07T19:23:51-07:00,0,21
style.css,298,css,8b17e137,Lucas Sherles,2025-05-07,19:23:51,-07:00,2025-05-07T19:23:51-07:00,0,7
style.css,299,css,8b17e137,Lucas Sherles,2025-05-07,19:23:51,-07:00,2025-05-07T19:23:51-07:00,0,17
style.css,300,css,8b17e137,Lucas Sherles,2025-05-07,19:23:51,-07:00,2025-05-07T19:23:51-07:00,0,24
style.css,301,css,8b17e137,Lucas Sherles,2025-05-07,19:23:51,-07:00,2025-05-07T19:23:51-07:00,0,23
style.css,302,css,b90199f5,Lucas Sherles,2025-05-27,18:42:28,-07:00,2025-05-27T18:42:28-07:00,0,16
style.css,303,css,76d511da,Lucas Sherles,2025-05-21,15:25:24,-07:00,2025-05-21T15:25:24-07:00,0,4
style.css,304,css,b90199f5,Lucas Sherles,2025-05-27,18:42:28,-07:00,2025-05-27T18:42:28-07:00,0,47
style.css,305,css,76d511da,Lucas Sherles,2025-05-21,15:25:24,-07:00,2025-05-21T15:25:24-07:00,0,0
style.css,306,css,b90199f5,Lucas Sherles,2025-05-27,18:42:28,-07:00,2025-05-27T18:42:28-07:00,0,0
style.css,307,css,8b17e137,Lucas Sherles,2025-05-07,19:23:51,-07:00,2025-05-07T19:23:51-07:00,0,0
style.css,308,css,8b17e137,Lucas Sherles,2025-05-07,19:23:51,-07:00,2025-05-07T19:23:51-07:00,0,0
style.css,309,css,8b17e137,Lucas Sherles,2025-05-07,19:23:51,-07:00,2025-05-07T19:23:51-07:00,0,13
style.css,310,css,8b17e137,Lucas Sherles,2025-05-07,19:23:51,-07:00,2025-05-07T19:23:51-07:00,0,21
style.css,311,css,8b17e137,Lucas Sherles,2025-05-07,19:23:51,-07:00,2025-05-07T19:23:51-07:00,0,0
style.css,312,css,8b17e137,Lucas Sherles,2025-05-07,19:23:51,-07:00,2025-05-07T19:23:51-07:00,0,0
style.css,313,css,8b17e137,Lucas Sherles,2025-05-07,19:23:51,-07:00,2025-05-07T19:23:51-07:00,0,25
style.css,314,css,8b17e137,Lucas Sherles,2025-05-07,19:23:51,-07:00,2025-05-07T19:23:51-07:00,0,3
style.css,315,css,8b17e137,Lucas Sherles,2025-05-07,19:23:51,-07:00,2025-05-07T19:23:51-07:00,0,33
style.css,316,css,8b17e137,Lucas Sherles,2025-05-07,19:23:51,-07:00,2025-05-07T19:23:51-07:00,0,0
style.css,317,css,8b17e137,Lucas Sherles,2025-05-07,19:23:51,-07:00,2025-05-07T19:23:51-07:00,0,0
style.css,318,css,8b17e137,Lucas Sherles,2025-05-07,19:23:51,-07:00,2025-05-07T19:23:51-07:00,0,0
style.css,319,css,8b17e137,Lucas Sherles,2025-05-07,19:23:51,-07:00,2025-05-07T19:23:51-07:00,0,11
style.css,320,css,8b17e137,Lucas Sherles,2025-05-07,19:23:51,-07:00,2025-05-07T19:23:51-07:00,0,17
style.css,321,css,8b17e137,Lucas Sherles,2025-05-07,19:23:51,-07:00,2025-05-07T19:23:51-07:00,0,13
style.css,322,css,8b17e137,Lucas Sherles,2025-05-07,19:23:51,-07:00,2025-05-07T19:23:51-07:00,0,19
style.css,323,css,8b17e137,Lucas Sherles,2025-05-07,19:23:51,-07:00,2025-05-07T19:23:51-07:00,0,21
style.css,324,css,8b17e137,Lucas Sherles,2025-05-07,19:23:51,-07:00,2025-05-07T19:23:51-07:00,0,43
style.css,325,css,8b17e137,Lucas Sherles,2025-05-07,19:23:51,-07:00,2025-05-07T19:23:51-07:00,0,0
style.css,326,css,8b17e137,Lucas Sherles,2025-05-07,19:23:51,-07:00,2025-05-07T19:23:51-07:00,0,16
style.css,327,css,8b17e137,Lucas Sherles,2025-05-07,19:23:51,-07:00,2025-05-07T19:23:51-07:00,0,13
style.css,328,css,8b17e137,Lucas Sherles,2025-05-07,19:23:51,-07:00,2025-05-07T19:23:51-07:00,0,12
style.css,329,css,8b17e137,Lucas Sherles,2025-05-07,19:23:51,-07:00,2025-05-07T19:23:51-07:00,0,19
style.css,330,css,8b17e137,Lucas Sherles,2025-05-07,19:23:51,-07:00,2025-05-07T19:23:51-07:00,0,0
style.css,331,css,2e90fcd4,Lucas Sherles,2025-05-17,18:14:32,-07:00,2025-05-17T18:14:32-07:00,0,0
style.css,332,css,76d511da,Lucas Sherles,2025-05-21,15:25:24,-07:00,2025-05-21T15:25:24-07:00,0,0
style.css,333,css,b90199f5,Lucas Sherles,2025-05-27,18:42:28,-07:00,2025-05-27T18:42:28-07:00,0,7
style.css,334,css,b90199f5,Lucas Sherles,2025-05-27,18:42:28,-07:00,2025-05-27T18:42:28-07:00,0,13
style.css,335,css,b90199f5,Lucas Sherles,2025-05-27,18:42:28,-07:00,2025-05-27T18:42:28-07:00,0,8
style.css,336,css,b90199f5,Lucas Sherles,2025-05-27,18:42:28,-07:00,2025-05-27T18:42:28-07:00,0,0
style.css,337,css,b90199f5,Lucas Sherles,2025-05-27,18:42:28,-07:00,2025-05-27T18:42:28-07:00,0,0
style.css,338,css,b90199f5,Lucas Sherles,2025-05-27,18:42:28,-07:00,2025-05-27T18:42:28-07:00,0,6
style.css,339,css,b90199f5,Lucas Sherles,2025-05-27,18:42:28,-07:00,2025-05-27T18:42:28-07:00,0,71
style.css,340,css,b90199f5,Lucas Sherles,2025-05-27,18:42:28,-07:00,2025-05-27T18:42:28-07:00,0,72
style.css,341,css,b90199f5,Lucas Sherles,2025-05-27,18:42:28,-07:00,2025-05-27T18:42:28-07:00,0,70
style.css,342,css,b90199f5,Lucas Sherles,2025-05-27,18:42:28,-07:00,2025-05-27T18:42:28-07:00,0,40
style.css,343,css,b90199f5,Lucas Sherles,2025-05-27,18:42:28,-07:00,2025-05-27T18:42:28-07:00,0,0
style.css,344,css,b90199f5,Lucas Sherles,2025-05-27,18:42:28,-07:00,2025-05-27T18:42:28-07:00,0,0
style.css,345,css,b90199f5,Lucas Sherles,2025-05-27,18:42:28,-07:00,2025-05-27T18:42:28-07:00,0,8
style.css,346,css,b90199f5,Lucas Sherles,2025-05-27,18:42:28,-07:00,2025-05-27T18:42:28-07:00,0,9
style.css,347,css,b90199f5,Lucas Sherles,2025-05-27,18:42:28,-07:00,2025-05-27T18:42:28-07:00,0,9
style.css,348,css,b90199f5,Lucas Sherles,2025-05-27,18:42:28,-07:00,2025-05-27T18:42:28-07:00,0,14
style.css,349,css,b90199f5,Lucas Sherles,2025-05-27,18:42:28,-07:00,2025-05-27T18:42:28-07:00,0,0
style.css,350,css,b90199f5,Lucas Sherles,2025-05-27,18:42:28,-07:00,2025-05-27T18:42:28-07:00,0,0
style.css,351,css,b90199f5,Lucas Sherles,2025-05-27,18:42:28,-07:00,2025-05-27T18:42:28-07:00,0,9
style.css,352,css,b90199f5,Lucas Sherles,2025-05-27,18:42:28,-07:00,2025-05-27T18:42:28-07:00,0,17
style.css,353,css,b90199f5,Lucas Sherles,2025-05-27,18:42:28,-07:00,2025-05-27T18:42:28-07:00,0,20
style.css,354,css,b90199f5,Lucas Sherles,2025-05-27,18:42:28,-07:00,2025-05-27T18:42:28-07:00,0,0
style.css,355,css,b90199f5,Lucas Sherles,2025-05-27,18:42:28,-07:00,2025-05-27T18:42:28-07:00,0,0
style.css,356,css,b90199f5,Lucas Sherles,2025-05-27,18:42:28,-07:00,2025-05-27T18:42:28-07:00,0,7
style.css,357,css,b90199f5,Lucas Sherles,2025-05-27,18:42:28,-07:00,2025-05-27T18:42:28-07:00,0,13
style.css,358,css,b90199f5,Lucas Sherles,2025-05-27,18:42:28,-07:00,2025-05-27T18:42:28-07:00,0,30
style.css,359,css,b90199f5,Lucas Sherles,2025-05-27,18:42:28,-07:00,2025-05-27T18:42:28-07:00,0,0
style.css,360,css,b90199f5,Lucas Sherles,2025-05-27,18:42:28,-07:00,2025-05-27T18:42:28-07:00,0,6
style.css,361,css,b90199f5,Lucas Sherles,2025-05-27,18:42:28,-07:00,2025-05-27T18:42:28-07:00,0,19
style.css,362,css,b90199f5,Lucas Sherles,2025-05-27,18:42:28,-07:00,2025-05-27T18:42:28-07:00,0,13
style.css,363,css,b90199f5,Lucas Sherles,2025-05-27,18:42:28,-07:00,2025-05-27T18:42:28-07:00,0,30
style.css,364,css,b90199f5,Lucas Sherles,2025-05-27,18:42:28,-07:00,2025-05-27T18:42:28-07:00,0,0
style.css,365,css,b90199f5,Lucas Sherles,2025-05-27,18:42:28,-07:00,2025-05-27T18:42:28-07:00,0,0
style.css,366,css,b90199f5,Lucas Sherles,2025-05-27,18:42:28,-07:00,2025-05-27T18:42:28-07:00,0,3
style.css,367,css,b90199f5,Lucas Sherles,2025-05-27,18:42:28,-07:00,2025-05-27T18:42:28-07:00,0,14
style.css,368,css,b90199f5,Lucas Sherles,2025-05-27,18:42:28,-07:00,2025-05-27T18:42:28-07:00,0,0
style.css,369,css,b90199f5,Lucas Sherles,2025-05-27,18:42:28,-07:00,2025-05-27T18:42:28-07:00,0,0
style.css,370,css,b90199f5,Lucas Sherles,2025-05-27,18:42:28,-07:00,2025-05-27T18:42:28-07:00,0,3
style.css,371,css,b90199f5,Lucas Sherles,2025-05-27,18:42:28,-07:00,2025-05-27T18:42:28-07:00,0,14
style.css,372,css,b90199f5,Lucas Sherles,2025-05-27,18:42:28,-07:00,2025-05-27T18:42:28-07:00,0,0
style.css,373,css,b90199f5,Lucas Sherles,2025-05-27,18:42:28,-07:00,2025-05-27T18:42:28-07:00,0,0
style.css,374,css,b90199f5,Lucas Sherles,2025-05-27,18:42:28,-07:00,2025-05-27T18:42:28-07:00,0,0
style.css,375,css,b90199f5,Lucas Sherles,2025-05-27,18:42:28,-07:00,2025-05-27T18:42:28-07:00,0,5
style.css,376,css,b90199f5,Lucas Sherles,2025-05-27,18:42:28,-07:00,2025-05-27T18:42:28-07:00,0,13
style.css,377,css,b90199f5,Lucas Sherles,2025-05-27,18:42:28,-07:00,2025-05-27T18:42:28-07:00,0,12
style.css,378,css,b90199f5,Lucas Sherles,2025-05-27,18:42:28,-07:00,2025-05-27T18:42:28-07:00,0,15
style.css,379,css,b90199f5,Lucas Sherles,2025-05-27,18:42:28,-07:00,2025-05-27T18:42:28-07:00,0,21
style.css,380,css,b90199f5,Lucas Sherles,2025-05-27,18:42:28,-07:00,2025-05-27T18:42:28-07:00,0,18
style.css,381,css,b90199f5,Lucas Sherles,2025-05-27,18:42:28,-07:00,2025-05-27T18:42:28-07:00,0,30
style.css,382,css,b90199f5,Lucas Sherles,2025-05-27,18:42:28,-07:00,2025-05-27T18:42:28-07:00,0,0
style.css,383,css,b90199f5,Lucas Sherles,2025-05-27,18:42:28,-07:00,2025-05-27T18:42:28-07:00,0,0
style.css,384,css,b90199f5,Lucas Sherles,2025-05-27,18:42:28,-07:00,2025-05-27T18:42:28-07:00,0,0
style.css,385,css,b90199f5,Lucas Sherles,2025-05-27,18:42:28,-07:00,2025-05-27T18:42:28-07:00,0,3
style.css,386,css,b90199f5,Lucas Sherles,2025-05-27,18:42:28,-07:00,2025-05-27T18:42:28-07:00,0,14
style.css,387,css,b90199f5,Lucas Sherles,2025-05-27,18:42:28,-07:00,2025-05-27T18:42:28-07:00,0,13
style.css,388,css,b90199f5,Lucas Sherles,2025-05-27,18:42:28,-07:00,2025-05-27T18:42:28-07:00,0,15
style.css,389,css,b90199f5,Lucas Sherles,2025-05-27,18:42:28,-07:00,2025-05-27T18:42:28-07:00,0,18
style.css,390,css,b90199f5,Lucas Sherles,2025-05-27,18:42:28,-07:00,2025-05-27T18:42:28-07:00,0,20
style.css,391,css,b90199f5,Lucas Sherles,2025-05-27,18:42:28,-07:00,2025-05-27T18:42:28-07:00,0,11
style.css,392,css,b90199f5,Lucas Sherles,2025-05-27,18:42:28,-07:00,2025-05-27T18:42:28-07:00,0,18
style.css,393,css,b90199f5,Lucas Sherles,2025-05-27,18:42:28,-07:00,2025-05-27T18:42:28-07:00,0,14
style.css,394,css,b90199f5,Lucas Sherles,2025-05-27,18:42:28,-07:00,2025-05-27T18:42:28-07:00,0,0
style.css,395,css,b90199f5,Lucas Sherles,2025-05-27,18:42:28,-07:00,2025-05-27T18:42:28-07:00,0,9
style.css,396,css,b90199f5,Lucas Sherles,2025-05-27,18:42:28,-07:00,2025-05-27T18:42:28-07:00,0,14
style.css,397,css,b90199f5,Lucas Sherles,2025-05-27,18:42:28,-07:00,2025-05-27T18:42:28-07:00,0,16
style.css,398,css,b90199f5,Lucas Sherles,2025-05-27,18:42:28,-07:00,2025-05-27T18:42:28-07:00,0,12
style.css,399,css,b90199f5,Lucas Sherles,2025-05-27,18:42:28,-07:00,2025-05-27T18:42:28-07:00,0,15
style.css,400,css,b90199f5,Lucas Sherles,2025-05-27,18:42:28,-07:00,2025-05-27T18:42:28-07:00,0,0
style.css,401,css,b90199f5,Lucas Sherles,2025-05-27,18:42:28,-07:00,2025-05-27T18:42:28-07:00,0,0
style.css,402,css,b90199f5,Lucas Sherles,2025-05-27,18:42:28,-07:00,2025-05-27T18:42:28-07:00,0,0
style.css,403,css,b90199f5,Lucas Sherles,2025-05-27,18:42:28,-07:00,2025-05-27T18:42:28-07:00,0,11
style.css,404,css,b90199f5,Lucas Sherles,2025-05-27,18:42:28,-07:00,2025-05-27T18:42:28-07:00,0,18
style.css,405,css,b90199f5,Lucas Sherles,2025-05-27,18:42:28,-07:00,2025-05-27T18:42:28-07:00,0,13
style.css,406,css,b90199f5,Lucas Sherles,2025-05-27,18:42:28,-07:00,2025-05-27T18:42:28-07:00,0,9
style.css,407,css,b90199f5,Lucas Sherles,2025-05-27,18:42:28,-07:00,2025-05-27T18:42:28-07:00,0,0
style.css,408,css,b90199f5,Lucas Sherles,2025-05-27,18:42:28,-07:00,2025-05-27T18:42:28-07:00,0,0
style.css,409,css,b90199f5,Lucas Sherles,2025-05-27,18:42:28,-07:00,2025-05-27T18:42:28-07:00,0,15
style.css,410,css,b90199f5,Lucas Sherles,2025-05-27,18:42:28,-07:00,2025-05-27T18:42:28-07:00,0,7
style.css,411,css,b90199f5,Lucas Sherles,2025-05-27,18:42:28,-07:00,2025-05-27T18:42:28-07:00,0,0
style.css,412,css,b90199f5,Lucas Sherles,2025-05-27,18:42:28,-07:00,2025-05-27T18:42:28-07:00,0,0
style.css,413,css,b90199f5,Lucas Sherles,2025-05-27,18:42:28,-07:00,2025-05-27T18:42:28-07:00,0,15
style.css,414,css,b90199f5,Lucas Sherles,2025-05-27,18:42:28,-07:00,2025-05-27T18:42:28-07:00,0,18
style.css,415,css,b90199f5,Lucas Sherles,2025-05-27,18:42:28,-07:00,2025-05-27T18:42:28-07:00,0,0
style.css,416,css,76d511da,Lucas Sherles,2025-05-21,15:25:24,-07:00,2025-05-21T15:25:24-07:00,0,0
style.css,417,css,b90199f5,Lucas Sherles,2025-05-27,18:42:28,-07:00,2025-05-27T18:42:28-07:00,0,14
style.css,418,css,b90199f5,Lucas Sherles,2025-05-27,18:42:28,-07:00,2025-05-27T18:42:28-07:00,0,16
style.css,419,css,b90199f5,Lucas Sherles,2025-05-27,18:42:28,-07:00,2025-05-27T18:42:28-07:00,0,6
style.css,420,css,b90199f5,Lucas Sherles,2025-05-27,18:42:28,-07:00,2025-05-27T18:42:28-07:00,0,12
style.css,421,css,b90199f5,Lucas Sherles,2025-05-27,18:42:28,-07:00,2025-05-27T18:42:28-07:00,0,0
style.css,422,css,b90199f5,Lucas Sherles,2025-05-27,18:42:28,-07:00,2025-05-27T18:42:28-07:00,0,6
style.css,423,css,b90199f5,Lucas Sherles,2025-05-27,18:42:28,-07:00,2025-05-27T18:42:28-07:00,0,66
style.css,424,css,b90199f5,Lucas Sherles,2025-05-27,18:42:28,-07:00,2025-05-27T18:42:28-07:00,0,0
index.js,1,js,59bf5d39,Lucas Sherles,2025-04-24,11:57:10,-07:00,2025-04-24T11:57:10-07:00,0,72
index.js,2,js,59bf5d39,Lucas Sherles,2025-04-24,11:57:10,-07:00,2025-04-24T11:57:10-07:00,0,55
index.js,3,js,59bf5d39,Lucas Sherles,2025-04-24,11:57:10,-07:00,2025-04-24T11:57:10-07:00,0,43
index.js,4,js,59bf5d39,Lucas Sherles,2025-04-24,11:57:10,-07:00,2025-04-24T11:57:10-07:00,0,61
index.js,5,js,59bf5d39,Lucas Sherles,2025-04-24,11:57:10,-07:00,2025-04-24T11:57:10-07:00,0,55
index.js,6,js,27403e51,Lucas Sherles,2025-05-17,18:30:42,-07:00,2025-05-17T18:30:42-07:00,0,52
index.js,7,js,59bf5d39,Lucas Sherles,2025-04-24,11:57:10,-07:00,2025-04-24T11:57:10-07:00,0,61
index.js,8,js,59bf5d39,Lucas Sherles,2025-04-24,11:57:10,-07:00,2025-04-24T11:57:10-07:00,0,18
index.js,9,js,59bf5d39,Lucas Sherles,2025-04-24,11:57:10,-07:00,2025-04-24T11:57:10-07:00,0,25
index.js,10,js,59bf5d39,Lucas Sherles,2025-04-24,11:57:10,-07:00,2025-04-24T11:57:10-07:00,0,3
index.js,11,js,59bf5d39,Lucas Sherles,2025-04-24,11:57:10,-07:00,2025-04-24T11:57:10-07:00,0,56
index.js,12,js,59bf5d39,Lucas Sherles,2025-04-24,11:57:10,-07:00,2025-04-24T11:57:10-07:00,0,56
index.js,13,js,59bf5d39,Lucas Sherles,2025-04-24,11:57:10,-07:00,2025-04-24T11:57:10-07:00,0,50
index.js,14,js,59bf5d39,Lucas Sherles,2025-04-24,11:57:10,-07:00,2025-04-24T11:57:10-07:00,0,50
index.js,15,js,59bf5d39,Lucas Sherles,2025-04-24,11:57:10,-07:00,2025-04-24T11:57:10-07:00,0,4
index.js,16,js,59bf5d39,Lucas Sherles,2025-04-24,11:57:10,-07:00,2025-04-24T11:57:10-07:00,0,1
index.js,17,js,59bf5d39,Lucas Sherles,2025-04-24,11:57:10,-07:00,2025-04-24T11:57:10-07:00,0,0
index.html,1,html,289dddeb,Lucas Sherles,2025-04-01,15:46:57,-07:00,2025-04-01T15:46:57-07:00,0,14
index.html,2,html,289dddeb,Lucas Sherles,2025-04-01,15:46:57,-07:00,2025-04-01T15:46:57-07:00,0,15
index.html,3,html,289dddeb,Lucas Sherles,2025-04-01,15:46:57,-07:00,2025-04-01T15:46:57-07:00,0,5
index.html,4,html,289dddeb,Lucas Sherles,2025-04-01,15:46:57,-07:00,2025-04-01T15:46:57-07:00,0,21
index.html,5,html,289dddeb,Lucas Sherles,2025-04-01,15:46:57,-07:00,2025-04-01T15:46:57-07:00,0,69
index.html,6,html,61b3cfc8,Lucas Sherles,2025-04-02,16:39:15,-07:00,2025-04-02T16:39:15-07:00,0,56
index.html,7,html,61b3cfc8,Lucas Sherles,2025-04-02,16:39:15,-07:00,2025-04-02T16:39:15-07:00,0,39
index.html,8,html,d31ce47e,Lucas Sherles,2025-04-15,22:30:31,-07:00,2025-04-15T22:30:31-07:00,0,46
index.html,9,html,59bf5d39,Lucas Sherles,2025-04-24,11:57:10,-07:00,2025-04-24T11:57:10-07:00,0,45
index.html,10,html,59bf5d39,Lucas Sherles,2025-04-24,11:57:10,-07:00,2025-04-24T11:57:10-07:00,0,0
index.html,11,html,289dddeb,Lucas Sherles,2025-04-01,15:46:57,-07:00,2025-04-01T15:46:57-07:00,0,6
index.html,12,html,61b3cfc8,Lucas Sherles,2025-04-02,16:39:15,-07:00,2025-04-02T16:39:15-07:00,0,0
index.html,13,html,289dddeb,Lucas Sherles,2025-04-01,15:46:57,-07:00,2025-04-01T15:46:57-07:00,0,5
index.html,14,html,98fbccab,Lucas Sherles,2025-07-21,15:21:45,-07:00,2025-07-21T15:21:45-07:00,0,30
index.html,15,html,98fbccab,Lucas Sherles,2025-07-21,15:21:45,-07:00,2025-07-21T15:21:45-07:00,0,30
index.html,16,html,d2525a26,Lucas Sherles,2025-04-10,00:26:29,-07:00,2025-04-10T00:26:29-07:00,0,4
index.html,17,html,98fbccab,Lucas Sherles,2025-07-21,15:21:45,-07:00,2025-07-21T15:21:45-07:00,0,29
index.html,18,html,98fbccab,Lucas Sherles,2025-07-21,15:21:45,-07:00,2025-07-21T15:21:45-07:00,0,81
index.html,19,html,98fbccab,Lucas Sherles,2025-07-21,15:21:45,-07:00,2025-07-21T15:21:45-07:00,0,3
index.html,20,html,98fbccab,Lucas Sherles,2025-07-21,15:21:45,-07:00,2025-07-21T15:21:45-07:00,0,29
index.html,21,html,98fbccab,Lucas Sherles,2025-07-21,15:21:45,-07:00,2025-07-21T15:21:45-07:00,0,85
index.html,22,html,289dddeb,Lucas Sherles,2025-04-01,15:46:57,-07:00,2025-04-01T15:46:57-07:00,0,3
index.html,23,html,b85045e4,Lucas Sherles,2025-06-23,16:00:10,-07:00,2025-06-23T16:00:10-07:00,0,0
index.html,24,html,b85045e4,Lucas Sherles,2025-06-23,16:00:10,-07:00,2025-06-23T16:00:10-07:00,0,3
index.html,25,html,98fbccab,Lucas Sherles,2025-07-21,15:21:45,-07:00,2025-07-21T15:21:45-07:00,0,50
index.html,26,html,59bf5d39,Lucas Sherles,2025-04-24,11:57:10,-07:00,2025-04-24T11:57:10-07:00,0,21
index.html,27,html,59bf5d39,Lucas Sherles,2025-04-24,11:57:10,-07:00,2025-04-24T11:57:10-07:00,0,50
index.html,28,html,59bf5d39,Lucas Sherles,2025-04-24,11:57:10,-07:00,2025-04-24T11:57:10-07:00,0,5
index.html,29,html,98fbccab,Lucas Sherles,2025-07-21,15:21:45,-07:00,2025-07-21T15:21:45-07:00,0,0
index.html,30,html,b85045e4,Lucas Sherles,2025-06-23,16:00:10,-07:00,2025-06-23T16:00:10-07:00,0,28
index.html,31,html,59bf5d39,Lucas Sherles,2025-04-24,11:57:10,-07:00,2025-04-24T11:57:10-07:00,0,40
index.html,32,html,59bf5d39,Lucas Sherles,2025-04-24,11:57:10,-07:00,2025-04-24T11:57:10-07:00,0,3
index.html,33,html,59bf5d39,Lucas Sherles,2025-04-24,11:57:10,-07:00,2025-04-24T11:57:10-07:00,0,24
index.html,34,html,59bf5d39,Lucas Sherles,2025-04-24,11:57:10,-07:00,2025-04-24T11:57:10-07:00,0,28
index.html,35,html,59bf5d39,Lucas Sherles,2025-04-24,11:57:10,-07:00,2025-04-24T11:57:10-07:00,0,28
index.html,36,html,59bf5d39,Lucas Sherles,2025-04-24,11:57:10,-07:00,2025-04-24T11:57:10-07:00,0,24
index.html,37,html,59bf5d39,Lucas Sherles,2025-04-24,11:57:10,-07:00,2025-04-24T11:57:10-07:00,0,4
index.html,38,html,b85045e4,Lucas Sherles,2025-06-23,16:00:10,-07:00,2025-06-23T16:00:10-07:00,0,9
index.html,39,html,289dddeb,Lucas Sherles,2025-04-01,15:46:57,-07:00,2025-04-01T15:46:57-07:00,0,6
index.html,40,html,289dddeb,Lucas Sherles,2025-04-01,15:46:57,-07:00,2025-04-01T15:46:57-07:00,0,6
global.js,1,js,680f39bb,Lucas Sherles,2025-04-15,16:21:25,-07:00,2025-04-15T16:21:25-07:00,0,26
global.js,2,js,680f39bb,Lucas Sherles,2025-04-15,16:21:25,-07:00,2025-04-15T16:21:25-07:00,0,0
global.js,3,js,680f39bb,Lucas Sherles,2025-04-15,16:21:25,-07:00,2025-04-15T16:21:25-07:00,0,42
global.js,4,js,680f39bb,Lucas Sherles,2025-04-15,16:21:25,-07:00,2025-04-15T16:21:25-07:00,0,53
global.js,5,js,680f39bb,Lucas Sherles,2025-04-15,16:21:25,-07:00,2025-04-15T16:21:25-07:00,0,0
global.js,6,js,17c71b49,Lucas Sherles,2025-04-15,22:23:17,-07:00,2025-04-15T22:23:17-07:00,0,89
global.js,7,js,17c71b49,Lucas Sherles,2025-04-15,22:23:17,-07:00,2025-04-15T22:23:17-07:00,0,37
global.js,8,js,17c71b49,Lucas Sherles,2025-04-15,22:23:17,-07:00,2025-04-15T22:23:17-07:00,0,49
global.js,9,js,17c71b49,Lucas Sherles,2025-04-15,22:23:17,-07:00,2025-04-15T22:23:17-07:00,0,0
global.js,10,js,680f39bb,Lucas Sherles,2025-04-15,16:21:25,-07:00,2025-04-15T16:21:25-07:00,0,12
global.js,11,js,d31ce47e,Lucas Sherles,2025-04-15,22:30:31,-07:00,2025-04-15T22:30:31-07:00,0,26
global.js,12,js,598df3c7,Lucas Sherles,2025-04-15,22:21:56,-07:00,2025-04-15T22:21:56-07:00,0,39
global.js,13,js,598df3c7,Lucas Sherles,2025-04-15,22:21:56,-07:00,2025-04-15T22:21:56-07:00,0,35
global.js,14,js,598df3c7,Lucas Sherles,2025-04-15,22:21:56,-07:00,2025-04-15T22:21:56-07:00,0,37
global.js,15,js,76a11f07,Lucas Sherles,2025-07-21,14:54:47,-07:00,2025-07-21T14:54:47-07:00,0,34
global.js,16,js,598df3c7,Lucas Sherles,2025-04-15,22:21:56,-07:00,2025-04-15T22:21:56-07:00,0,55
global.js,17,js,680f39bb,Lucas Sherles,2025-04-15,16:21:25,-07:00,2025-04-15T16:21:25-07:00,0,1
global.js,18,js,680f39bb,Lucas Sherles,2025-04-15,16:21:25,-07:00,2025-04-15T16:21:25-07:00,0,0
global.js,19,js,a2adad4a,Lucas Sherles,2025-04-15,20:50:16,-07:00,2025-04-15T20:50:16-07:00,0,0
global.js,20,js,d31ce47e,Lucas Sherles,2025-04-15,22:30:31,-07:00,2025-04-15T22:30:31-07:00,0,0
global.js,21,js,680f39bb,Lucas Sherles,2025-04-15,16:21:25,-07:00,2025-04-15T16:21:25-07:00,0,39
global.js,22,js,8f4fcfb9,Lucas Sherles,2025-04-15,22:33:27,-07:00,2025-04-15T22:33:27-07:00,0,26
global.js,23,js,680f39bb,Lucas Sherles,2025-04-15,16:21:25,-07:00,2025-04-15T16:21:25-07:00,0,0
global.js,24,js,680f39bb,Lucas Sherles,2025-04-15,16:21:25,-07:00,2025-04-15T16:21:25-07:00,0,0
global.js,25,js,680f39bb,Lucas Sherles,2025-04-15,16:21:25,-07:00,2025-04-15T16:21:25-07:00,0,21
global.js,26,js,8813453b,Lucas Sherles,2025-04-15,22:02:12,-07:00,2025-04-15T22:02:12-07:00,0,15
global.js,27,js,8813453b,Lucas Sherles,2025-04-15,22:02:12,-07:00,2025-04-15T22:02:12-07:00,0,19
global.js,28,js,d31ce47e,Lucas Sherles,2025-04-15,22:30:31,-07:00,2025-04-15T22:30:31-07:00,0,53
global.js,29,js,8813453b,Lucas Sherles,2025-04-15,22:02:12,-07:00,2025-04-15T22:02:12-07:00,0,35
global.js,30,js,8813453b,Lucas Sherles,2025-04-15,22:02:12,-07:00,2025-04-15T22:02:12-07:00,0,12
global.js,31,js,8813453b,Lucas Sherles,2025-04-15,22:02:12,-07:00,2025-04-15T22:02:12-07:00,0,21
global.js,32,js,8813453b,Lucas Sherles,2025-04-15,22:02:12,-07:00,2025-04-15T22:02:12-07:00,0,13
global.js,33,js,8813453b,Lucas Sherles,2025-04-15,22:02:12,-07:00,2025-04-15T22:02:12-07:00,0,18
global.js,34,js,15ded023,Lucas Sherles,2025-04-15,22:19:11,-07:00,2025-04-15T22:19:11-07:00,0,9
global.js,35,js,15ded023,Lucas Sherles,2025-04-15,22:19:11,-07:00,2025-04-15T22:19:11-07:00,0,60
global.js,36,js,15ded023,Lucas Sherles,2025-04-15,22:19:11,-07:00,2025-04-15T22:19:11-07:00,0,1
global.js,37,js,8813453b,Lucas Sherles,2025-04-15,22:02:12,-07:00,2025-04-15T22:02:12-07:00,0,30
global.js,38,js,8813453b,Lucas Sherles,2025-04-15,22:02:12,-07:00,2025-04-15T22:02:12-07:00,0,19
global.js,39,js,8813453b,Lucas Sherles,2025-04-15,22:02:12,-07:00,2025-04-15T22:02:12-07:00,0,0
global.js,40,js,680f39bb,Lucas Sherles,2025-04-15,16:21:25,-07:00,2025-04-15T16:21:25-07:00,0,0
global.js,41,js,680f39bb,Lucas Sherles,2025-04-15,16:21:25,-07:00,2025-04-15T16:21:25-07:00,0,0
global.js,42,js,680f39bb,Lucas Sherles,2025-04-15,16:21:25,-07:00,2025-04-15T16:21:25-07:00,0,32
global.js,43,js,680f39bb,Lucas Sherles,2025-04-15,16:21:25,-07:00,2025-04-15T16:21:25-07:00,0,12
global.js,44,js,680f39bb,Lucas Sherles,2025-04-15,16:21:25,-07:00,2025-04-15T16:21:25-07:00,0,0
global.js,45,js,680f39bb,Lucas Sherles,2025-04-15,16:21:25,-07:00,2025-04-15T16:21:25-07:00,0,27
global.js,46,js,680f39bb,Lucas Sherles,2025-04-15,16:21:25,-07:00,2025-04-15T16:21:25-07:00,0,5
global.js,47,js,680f39bb,Lucas Sherles,2025-04-15,16:21:25,-07:00,2025-04-15T16:21:25-07:00,0,7
global.js,48,js,680f39bb,Lucas Sherles,2025-04-15,16:21:25,-07:00,2025-04-15T16:21:25-07:00,0,44
global.js,49,js,680f39bb,Lucas Sherles,2025-04-15,16:21:25,-07:00,2025-04-15T16:21:25-07:00,0,35
global.js,50,js,680f39bb,Lucas Sherles,2025-04-15,16:21:25,-07:00,2025-04-15T16:21:25-07:00,0,33
global.js,51,js,680f39bb,Lucas Sherles,2025-04-15,16:21:25,-07:00,2025-04-15T16:21:25-07:00,0,8
global.js,52,js,680f39bb,Lucas Sherles,2025-04-15,16:21:25,-07:00,2025-04-15T16:21:25-07:00,0,8
global.js,53,js,680f39bb,Lucas Sherles,2025-04-15,16:21:25,-07:00,2025-04-15T16:21:25-07:00,0,1
global.js,54,js,680f39bb,Lucas Sherles,2025-04-15,16:21:25,-07:00,2025-04-15T16:21:25-07:00,0,0
global.js,55,js,680f39bb,Lucas Sherles,2025-04-15,16:21:25,-07:00,2025-04-15T16:21:25-07:00,0,59
global.js,56,js,680f39bb,Lucas Sherles,2025-04-15,16:21:25,-07:00,2025-04-15T16:21:25-07:00,0,0
global.js,57,js,680f39bb,Lucas Sherles,2025-04-15,16:21:25,-07:00,2025-04-15T16:21:25-07:00,0,50
global.js,58,js,680f39bb,Lucas Sherles,2025-04-15,16:21:25,-07:00,2025-04-15T16:21:25-07:00,0,30
global.js,59,js,680f39bb,Lucas Sherles,2025-04-15,16:21:25,-07:00,2025-04-15T16:21:25-07:00,0,65
global.js,60,js,680f39bb,Lucas Sherles,2025-04-15,16:21:25,-07:00,2025-04-15T16:21:25-07:00,0,0
global.js,61,js,680f39bb,Lucas Sherles,2025-04-15,16:21:25,-07:00,2025-04-15T16:21:25-07:00,0,32
global.js,62,js,680f39bb,Lucas Sherles,2025-04-15,16:21:25,-07:00,2025-04-15T16:21:25-07:00,0,2
global.js,63,js,680f39bb,Lucas Sherles,2025-04-15,16:21:25,-07:00,2025-04-15T16:21:25-07:00,0,0
global.js,64,js,680f39bb,Lucas Sherles,2025-04-15,16:21:25,-07:00,2025-04-15T16:21:25-07:00,0,35
global.js,65,js,680f39bb,Lucas Sherles,2025-04-15,16:21:25,-07:00,2025-04-15T16:21:25-07:00,0,36
global.js,66,js,680f39bb,Lucas Sherles,2025-04-15,16:21:25,-07:00,2025-04-15T16:21:25-07:00,0,65
global.js,67,js,680f39bb,Lucas Sherles,2025-04-15,16:21:25,-07:00,2025-04-15T16:21:25-07:00,0,20
global.js,68,js,680f39bb,Lucas Sherles,2025-04-15,16:21:25,-07:00,2025-04-15T16:21:25-07:00,0,0
global.js,69,js,680f39bb,Lucas Sherles,2025-04-15,16:21:25,-07:00,2025-04-15T16:21:25-07:00,0,0
global.js,70,js,680f39bb,Lucas Sherles,2025-04-15,16:21:25,-07:00,2025-04-15T16:21:25-07:00,0,41
global.js,71,js,680f39bb,Lucas Sherles,2025-04-15,16:21:25,-07:00,2025-04-15T16:21:25-07:00,0,0
global.js,72,js,680f39bb,Lucas Sherles,2025-04-15,16:21:25,-07:00,2025-04-15T16:21:25-07:00,0,50
global.js,73,js,680f39bb,Lucas Sherles,2025-04-15,16:21:25,-07:00,2025-04-15T16:21:25-07:00,0,61
global.js,74,js,680f39bb,Lucas Sherles,2025-04-15,16:21:25,-07:00,2025-04-15T16:21:25-07:00,0,0
global.js,75,js,680f39bb,Lucas Sherles,2025-04-15,16:21:25,-07:00,2025-04-15T16:21:25-07:00,0,29
global.js,76,js,680f39bb,Lucas Sherles,2025-04-15,16:21:25,-07:00,2025-04-15T16:21:25-07:00,0,15
global.js,77,js,680f39bb,Lucas Sherles,2025-04-15,16:21:25,-07:00,2025-04-15T16:21:25-07:00,0,0
global.js,78,js,680f39bb,Lucas Sherles,2025-04-15,16:21:25,-07:00,2025-04-15T16:21:25-07:00,0,32
global.js,79,js,680f39bb,Lucas Sherles,2025-04-15,16:21:25,-07:00,2025-04-15T16:21:25-07:00,0,51
global.js,80,js,680f39bb,Lucas Sherles,2025-04-15,16:21:25,-07:00,2025-04-15T16:21:25-07:00,0,0
global.js,81,js,680f39bb,Lucas Sherles,2025-04-15,16:21:25,-07:00,2025-04-15T16:21:25-07:00,0,0
global.js,82,js,680f39bb,Lucas Sherles,2025-04-15,16:21:25,-07:00,2025-04-15T16:21:25-07:00,0,46
global.js,83,js,680f39bb,Lucas Sherles,2025-04-15,16:21:25,-07:00,2025-04-15T16:21:25-07:00,0,49
global.js,84,js,680f39bb,Lucas Sherles,2025-04-15,16:21:25,-07:00,2025-04-15T16:21:25-07:00,0,2
global.js,85,js,680f39bb,Lucas Sherles,2025-04-15,16:21:25,-07:00,2025-04-15T16:21:25-07:00,0,0
global.js,86,js,59bf5d39,Lucas Sherles,2025-04-24,11:57:10,-07:00,2025-04-24T11:57:10-07:00,0,0
global.js,87,js,59bf5d39,Lucas Sherles,2025-04-24,11:57:10,-07:00,2025-04-24T11:57:10-07:00,0,37
global.js,88,js,59bf5d39,Lucas Sherles,2025-04-24,11:57:10,-07:00,2025-04-24T11:57:10-07:00,0,4
global.js,89,js,59bf5d39,Lucas Sherles,2025-04-24,11:57:10,-07:00,2025-04-24T11:57:10-07:00,0,40
global.js,90,js,59bf5d39,Lucas Sherles,2025-04-24,11:57:10,-07:00,2025-04-24T11:57:10-07:00,0,33
global.js,91,js,59bf5d39,Lucas Sherles,2025-04-24,11:57:10,-07:00,2025-04-24T11:57:10-07:00,0,0
global.js,92,js,59bf5d39,Lucas Sherles,2025-04-24,11:57:10,-07:00,2025-04-24T11:57:10-07:00,0,18
global.js,93,js,59bf5d39,Lucas Sherles,2025-04-24,11:57:10,-07:00,2025-04-24T11:57:10-07:00,0,67
global.js,94,js,59bf5d39,Lucas Sherles,2025-04-24,11:57:10,-07:00,2025-04-24T11:57:10-07:00,0,0
global.js,95,js,8f4fcfb9,Lucas Sherles,2025-04-15,22:33:27,-07:00,2025-04-15T22:33:27-07:00,0,0
global.js,96,js,59bf5d39,Lucas Sherles,2025-04-24,11:57:10,-07:00,2025-04-24T11:57:10-07:00,0,34
global.js,97,js,59bf5d39,Lucas Sherles,2025-04-24,11:57:10,-07:00,2025-04-24T11:57:10-07:00,0,11
global.js,98,js,598df3c7,Lucas Sherles,2025-04-15,22:21:56,-07:00,2025-04-15T22:21:56-07:00,0,0
global.js,99,js,59bf5d39,Lucas Sherles,2025-04-24,11:57:10,-07:00,2025-04-24T11:57:10-07:00,0,16
global.js,100,js,59bf5d39,Lucas Sherles,2025-04-24,11:57:10,-07:00,2025-04-24T11:57:10-07:00,0,60
global.js,101,js,59bf5d39,Lucas Sherles,2025-04-24,11:57:10,-07:00,2025-04-24T11:57:10-07:00,0,0
global.js,102,js,59bf5d39,Lucas Sherles,2025-04-24,11:57:10,-07:00,2025-04-24T11:57:10-07:00,0,0
global.js,103,js,59bf5d39,Lucas Sherles,2025-04-24,11:57:10,-07:00,2025-04-24T11:57:10-07:00,0,0
global.js,104,js,680f39bb,Lucas Sherles,2025-04-15,16:21:25,-07:00,2025-04-15T16:21:25-07:00,0,0
global.js,105,js,680f39bb,Lucas Sherles,2025-04-15,16:21:25,-07:00,2025-04-15T16:21:25-07:00,0,0
global.js,106,js,79c4c190,Lucas Sherles,2025-04-30,19:40:52,-07:00,2025-04-30T19:40:52-07:00,0,80
global.js,107,js,59bf5d39,Lucas Sherles,2025-04-24,11:57:10,-07:00,2025-04-24T11:57:10-07:00,0,20
global.js,108,js,59bf5d39,Lucas Sherles,2025-04-24,11:57:10,-07:00,2025-04-24T11:57:10-07:00,0,69
global.js,109,js,59bf5d39,Lucas Sherles,2025-04-24,11:57:10,-07:00,2025-04-24T11:57:10-07:00,0,52
global.js,110,js,59bf5d39,Lucas Sherles,2025-04-24,11:57:10,-07:00,2025-04-24T11:57:10-07:00,0,6
global.js,111,js,59bf5d39,Lucas Sherles,2025-04-24,11:57:10,-07:00,2025-04-24T11:57:10-07:00,0,0
global.js,112,js,59bf5d39,Lucas Sherles,2025-04-24,11:57:10,-07:00,2025-04-24T11:57:10-07:00,0,0
global.js,113,js,59bf5d39,Lucas Sherles,2025-04-24,11:57:10,-07:00,2025-04-24T11:57:10-07:00,0,23
global.js,114,js,59bf5d39,Lucas Sherles,2025-04-24,11:57:10,-07:00,2025-04-24T11:57:10-07:00,0,58
global.js,115,js,59bf5d39,Lucas Sherles,2025-04-24,11:57:10,-07:00,2025-04-24T11:57:10-07:00,0,43
global.js,116,js,59bf5d39,Lucas Sherles,2025-04-24,11:57:10,-07:00,2025-04-24T11:57:10-07:00,0,83
global.js,117,js,59bf5d39,Lucas Sherles,2025-04-24,11:57:10,-07:00,2025-04-24T11:57:10-07:00,0,19
global.js,118,js,59bf5d39,Lucas Sherles,2025-04-24,11:57:10,-07:00,2025-04-24T11:57:10-07:00,0,0
global.js,119,js,59bf5d39,Lucas Sherles,2025-04-24,11:57:10,-07:00,2025-04-24T11:57:10-07:00,0,0
global.js,120,js,59bf5d39,Lucas Sherles,2025-04-24,11:57:10,-07:00,2025-04-24T11:57:10-07:00,0,24
global.js,121,js,59bf5d39,Lucas Sherles,2025-04-24,11:57:10,-07:00,2025-04-24T11:57:10-07:00,0,31
global.js,122,js,59bf5d39,Lucas Sherles,2025-04-24,11:57:10,-07:00,2025-04-24T11:57:10-07:00,0,0
global.js,123,js,59bf5d39,Lucas Sherles,2025-04-24,11:57:10,-07:00,2025-04-24T11:57:10-07:00,0,27
global.js,124,js,59bf5d39,Lucas Sherles,2025-04-24,11:57:10,-07:00,2025-04-24T11:57:10-07:00,0,28
global.js,125,js,59bf5d39,Lucas Sherles,2025-04-24,11:57:10,-07:00,2025-04-24T11:57:10-07:00,0,24
global.js,126,js,59bf5d39,Lucas Sherles,2025-04-24,11:57:10,-07:00,2025-04-24T11:57:10-07:00,0,49
global.js,127,js,59bf5d39,Lucas Sherles,2025-04-24,11:57:10,-07:00,2025-04-24T11:57:10-07:00,0,0
global.js,128,js,59bf5d39,Lucas Sherles,2025-04-24,11:57:10,-07:00,2025-04-24T11:57:10-07:00,0,43
global.js,129,js,59bf5d39,Lucas Sherles,2025-04-24,11:57:10,-07:00,2025-04-24T11:57:10-07:00,0,49
global.js,130,js,11510b2a,Lucas Sherles,2025-04-24,16:25:58,-07:00,2025-04-24T16:25:58-07:00,0,43
global.js,131,js,f157172a,Lucas Sherles,2025-05-22,17:37:47,-07:00,2025-05-22T17:37:47-07:00,0,80
global.js,132,js,f157172a,Lucas Sherles,2025-05-22,17:37:47,-07:00,2025-05-22T17:37:47-07:00,0,49
global.js,133,js,f157172a,Lucas Sherles,2025-05-22,17:37:47,-07:00,2025-05-22T17:37:47-07:00,0,63
global.js,134,js,f157172a,Lucas Sherles,2025-05-22,17:37:47,-07:00,2025-05-22T17:37:47-07:00,0,57
global.js,135,js,f157172a,Lucas Sherles,2025-05-22,17:37:47,-07:00,2025-05-22T17:37:47-07:00,0,0
global.js,136,js,59bf5d39,Lucas Sherles,2025-04-24,11:57:10,-07:00,2025-04-24T11:57:10-07:00,0,69
global.js,137,js,11510b2a,Lucas Sherles,2025-04-24,16:25:58,-07:00,2025-04-24T16:25:58-07:00,0,30
global.js,138,js,59bf5d39,Lucas Sherles,2025-04-24,11:57:10,-07:00,2025-04-24T11:57:10-07:00,0,0
global.js,139,js,11510b2a,Lucas Sherles,2025-04-24,16:25:58,-07:00,2025-04-24T16:25:58-07:00,0,62
global.js,140,js,59bf5d39,Lucas Sherles,2025-04-24,11:57:10,-07:00,2025-04-24T11:57:10-07:00,0,20
global.js,141,js,11510b2a,Lucas Sherles,2025-04-24,16:25:58,-07:00,2025-04-24T16:25:58-07:00,0,16
global.js,142,js,11510b2a,Lucas Sherles,2025-04-24,16:25:58,-07:00,2025-04-24T16:25:58-07:00,0,70
global.js,143,js,11510b2a,Lucas Sherles,2025-04-24,16:25:58,-07:00,2025-04-24T16:25:58-07:00,0,17
global.js,144,js,59bf5d39,Lucas Sherles,2025-04-24,11:57:10,-07:00,2025-04-24T11:57:10-07:00,0,34
global.js,145,js,79c4c190,Lucas Sherles,2025-04-30,19:40:52,-07:00,2025-04-30T19:40:52-07:00,0,25
global.js,146,js,79c4c190,Lucas Sherles,2025-04-30,19:40:52,-07:00,2025-04-30T19:40:52-07:00,0,20
global.js,147,js,79c4c190,Lucas Sherles,2025-04-30,19:40:52,-07:00,2025-04-30T19:40:52-07:00,0,37
global.js,148,js,79c4c190,Lucas Sherles,2025-04-30,19:40:52,-07:00,2025-04-30T19:40:52-07:00,0,5
global.js,149,js,59bf5d39,Lucas Sherles,2025-04-24,11:57:10,-07:00,2025-04-24T11:57:10-07:00,0,1
global.js,150,js,59bf5d39,Lucas Sherles,2025-04-24,11:57:10,-07:00,2025-04-24T11:57:10-07:00,0,0
global.js,151,js,59bf5d39,Lucas Sherles,2025-04-24,11:57:10,-07:00,2025-04-24T11:57:10-07:00,0,25
global.js,152,js,59bf5d39,Lucas Sherles,2025-04-24,11:57:10,-07:00,2025-04-24T11:57:10-07:00,0,37
global.js,153,js,59bf5d39,Lucas Sherles,2025-04-24,11:57:10,-07:00,2025-04-24T11:57:10-07:00,0,2
global.js,154,js,59bf5d39,Lucas Sherles,2025-04-24,11:57:10,-07:00,2025-04-24T11:57:10-07:00,0,0
global.js,155,js,59bf5d39,Lucas Sherles,2025-04-24,11:57:10,-07:00,2025-04-24T11:57:10-07:00,0,0
global.js,156,js,11510b2a,Lucas Sherles,2025-04-24,16:25:58,-07:00,2025-04-24T16:25:58-07:00,0,0
global.js,157,js,79c4c190,Lucas Sherles,2025-04-30,19:40:52,-07:00,2025-04-30T19:40:52-07:00,0,0
global.js,158,js,59bf5d39,Lucas Sherles,2025-04-24,11:57:10,-07:00,2025-04-24T11:57:10-07:00,0,48
global.js,159,js,59bf5d39,Lucas Sherles,2025-04-24,11:57:10,-07:00,2025-04-24T11:57:10-07:00,0,60
global.js,160,js,59bf5d39,Lucas Sherles,2025-04-24,11:57:10,-07:00,2025-04-24T11:57:10-07:00,0,0
global.js,161,js,59bf5d39,Lucas Sherles,2025-04-24,11:57:10,-07:00,2025-04-24T11:57:10-07:00,0,0
global.js,162,js,59bf5d39,Lucas Sherles,2025-04-24,11:57:10,-07:00,2025-04-24T11:57:10-07:00,0,0
global.js,163,js,680f39bb,Lucas Sherles,2025-04-15,16:21:25,-07:00,2025-04-15T16:21:25-07:00,0,0
resume/index.html,1,html,b34f42da,Lucas Sherles,2025-04-03,11:54:04,-07:00,2025-04-03T11:54:04-07:00,0,14
resume/index.html,2,html,b34f42da,Lucas Sherles,2025-04-03,11:54:04,-07:00,2025-04-03T11:54:04-07:00,0,15
resume/index.html,3,html,b34f42da,Lucas Sherles,2025-04-03,11:54:04,-07:00,2025-04-03T11:54:04-07:00,0,5
resume/index.html,4,html,b34f42da,Lucas Sherles,2025-04-03,11:54:04,-07:00,2025-04-03T11:54:04-07:00,0,21
resume/index.html,5,html,b34f42da,Lucas Sherles,2025-04-03,11:54:04,-07:00,2025-04-03T11:54:04-07:00,0,69
resume/index.html,6,html,b34f42da,Lucas Sherles,2025-04-03,11:54:04,-07:00,2025-04-03T11:54:04-07:00,0,23
resume/index.html,7,html,d2525a26,Lucas Sherles,2025-04-10,00:26:29,-07:00,2025-04-10T00:26:29-07:00,0,42
resume/index.html,8,html,680f39bb,Lucas Sherles,2025-04-15,16:21:25,-07:00,2025-04-15T16:21:25-07:00,0,49
resume/index.html,9,html,b34f42da,Lucas Sherles,2025-04-03,11:54:04,-07:00,2025-04-03T11:54:04-07:00,0,6
resume/index.html,10,html,680f39bb,Lucas Sherles,2025-04-15,16:21:25,-07:00,2025-04-15T16:21:25-07:00,0,0
resume/index.html,11,html,b34f42da,Lucas Sherles,2025-04-03,11:54:04,-07:00,2025-04-03T11:54:04-07:00,0,6
resume/index.html,12,html,680f39bb,Lucas Sherles,2025-04-15,16:21:25,-07:00,2025-04-15T16:21:25-07:00,0,0
resume/index.html,13,html,b34f42da,Lucas Sherles,2025-04-03,11:54:04,-07:00,2025-04-03T11:54:04-07:00,0,3
resume/index.html,14,html,b34f42da,Lucas Sherles,2025-04-03,11:54:04,-07:00,2025-04-03T11:54:04-07:00,0,18
resume/index.html,15,html,5780bc7e,Lucas Sherles,2025-04-11,17:48:48,-07:00,2025-04-11T17:48:48-07:00,0,12
resume/index.html,16,html,b34f42da,Lucas Sherles,2025-04-03,11:54:04,-07:00,2025-04-03T11:54:04-07:00,0,9
resume/index.html,17,html,b34f42da,Lucas Sherles,2025-04-03,11:54:04,-07:00,2025-04-03T11:54:04-07:00,0,0
resume/index.html,18,html,b34f42da,Lucas Sherles,2025-04-03,11:54:04,-07:00,2025-04-03T11:54:04-07:00,0,0
resume/index.html,19,html,b34f42da,Lucas Sherles,2025-04-03,11:54:04,-07:00,2025-04-03T11:54:04-07:00,0,3
resume/index.html,20,html,51dc2376,Lucas Sherles,2025-04-15,16:51:59,-07:00,2025-04-15T16:51:59-07:00,0,13
resume/index.html,21,html,51dc2376,Lucas Sherles,2025-04-15,16:51:59,-07:00,2025-04-15T16:51:59-07:00,0,23
resume/index.html,22,html,51dc2376,Lucas Sherles,2025-04-15,16:51:59,-07:00,2025-04-15T16:51:59-07:00,0,19
resume/index.html,23,html,d2525a26,Lucas Sherles,2025-04-10,00:26:29,-07:00,2025-04-10T00:26:29-07:00,0,18
resume/index.html,24,html,5780bc7e,Lucas Sherles,2025-04-11,17:48:48,-07:00,2025-04-11T17:48:48-07:00,0,16
resume/index.html,25,html,5780bc7e,Lucas Sherles,2025-04-11,17:48:48,-07:00,2025-04-11T17:48:48-07:00,0,18
resume/index.html,26,html,51dc2376,Lucas Sherles,2025-04-15,16:51:59,-07:00,2025-04-15T16:51:59-07:00,0,30
resume/index.html,27,html,51dc2376,Lucas Sherles,2025-04-15,16:51:59,-07:00,2025-04-15T16:51:59-07:00,0,21
resume/index.html,28,html,5780bc7e,Lucas Sherles,2025-04-11,17:48:48,-07:00,2025-04-11T17:48:48-07:00,0,18
resume/index.html,29,html,5780bc7e,Lucas Sherles,2025-04-11,17:48:48,-07:00,2025-04-11T17:48:48-07:00,0,16
resume/index.html,30,html,51dc2376,Lucas Sherles,2025-04-15,16:51:59,-07:00,2025-04-15T16:51:59-07:00,0,18
resume/index.html,31,html,51dc2376,Lucas Sherles,2025-04-15,16:51:59,-07:00,2025-04-15T16:51:59-07:00,0,58
resume/index.html,32,html,b34f42da,Lucas Sherles,2025-04-03,11:54:04,-07:00,2025-04-03T11:54:04-07:00,0,0
resume/index.html,33,html,b34f42da,Lucas Sherles,2025-04-03,11:54:04,-07:00,2025-04-03T11:54:04-07:00,0,0
resume/index.html,34,html,5780bc7e,Lucas Sherles,2025-04-11,17:48:48,-07:00,2025-04-11T17:48:48-07:00,0,0
resume/index.html,35,html,5780bc7e,Lucas Sherles,2025-04-11,17:48:48,-07:00,2025-04-11T17:48:48-07:00,0,0
resume/index.html,36,html,b34f42da,Lucas Sherles,2025-04-03,11:54:04,-07:00,2025-04-03T11:54:04-07:00,0,3
resume/index.html,37,html,b34f42da,Lucas Sherles,2025-04-03,11:54:04,-07:00,2025-04-03T11:54:04-07:00,0,16
resume/index.html,38,html,5780bc7e,Lucas Sherles,2025-04-11,17:48:48,-07:00,2025-04-11T17:48:48-07:00,0,16
resume/index.html,39,html,5780bc7e,Lucas Sherles,2025-04-11,17:48:48,-07:00,2025-04-11T17:48:48-07:00,0,0
resume/index.html,40,html,b34f42da,Lucas Sherles,2025-04-03,11:54:04,-07:00,2025-04-03T11:54:04-07:00,0,0
resume/index.html,41,html,b34f42da,Lucas Sherles,2025-04-03,11:54:04,-07:00,2025-04-03T11:54:04-07:00,0,3
resume/index.html,42,html,b34f42da,Lucas Sherles,2025-04-03,11:54:04,-07:00,2025-04-03T11:54:04-07:00,0,16
resume/index.html,43,html,5780bc7e,Lucas Sherles,2025-04-11,17:48:48,-07:00,2025-04-11T17:48:48-07:00,0,15
resume/index.html,44,html,4208850b,Lucas Sherles,2025-04-10,14:56:40,-07:00,2025-04-10T14:56:40-07:00,0,19
resume/index.html,45,html,5780bc7e,Lucas Sherles,2025-04-11,17:48:48,-07:00,2025-04-11T17:48:48-07:00,0,18
resume/index.html,46,html,b34f42da,Lucas Sherles,2025-04-03,11:54:04,-07:00,2025-04-03T11:54:04-07:00,0,0
resume/index.html,47,html,b34f42da,Lucas Sherles,2025-04-03,11:54:04,-07:00,2025-04-03T11:54:04-07:00,0,3
resume/index.html,48,html,b34f42da,Lucas Sherles,2025-04-03,11:54:04,-07:00,2025-04-03T11:54:04-07:00,0,18
resume/index.html,49,html,5780bc7e,Lucas Sherles,2025-04-11,17:48:48,-07:00,2025-04-11T17:48:48-07:00,0,8
resume/index.html,50,html,35f7f335,Lucas Sherles,2025-04-10,15:03:25,-07:00,2025-04-10T15:03:25-07:00,0,19
resume/index.html,51,html,b34f42da,Lucas Sherles,2025-04-03,11:54:04,-07:00,2025-04-03T11:54:04-07:00,0,0
resume/index.html,52,html,b34f42da,Lucas Sherles,2025-04-03,11:54:04,-07:00,2025-04-03T11:54:04-07:00,0,2
resume/index.html,53,html,5780bc7e,Lucas Sherles,2025-04-11,17:48:48,-07:00,2025-04-11T17:48:48-07:00,0,18
resume/index.html,54,html,5780bc7e,Lucas Sherles,2025-04-11,17:48:48,-07:00,2025-04-11T17:48:48-07:00,0,13
resume/index.html,55,html,b34f42da,Lucas Sherles,2025-04-03,11:54:04,-07:00,2025-04-03T11:54:04-07:00,0,0
resume/index.html,56,html,b34f42da,Lucas Sherles,2025-04-03,11:54:04,-07:00,2025-04-03T11:54:04-07:00,0,3
resume/index.html,57,html,b34f42da,Lucas Sherles,2025-04-03,11:54:04,-07:00,2025-04-03T11:54:04-07:00,0,8
resume/index.html,58,html,b34f42da,Lucas Sherles,2025-04-03,11:54:04,-07:00,2025-04-03T11:54:04-07:00,0,0
resume/index.html,59,html,b34f42da,Lucas Sherles,2025-04-03,11:54:04,-07:00,2025-04-03T11:54:04-07:00,0,0
resume/index.html,60,html,b34f42da,Lucas Sherles,2025-04-03,11:54:04,-07:00,2025-04-03T11:54:04-07:00,0,7
resume/index.html,61,html,f914c37d,Lucas Sherles,2025-04-04,13:47:43,-07:00,2025-04-04T13:47:43-07:00,0,0
resume/index.html,62,html,f914c37d,Lucas Sherles,2025-04-04,13:47:43,-07:00,2025-04-04T13:47:43-07:00,0,5
resume/index.html,63,html,d2525a26,Lucas Sherles,2025-04-10,00:26:29,-07:00,2025-04-10T00:26:29-07:00,0,0
resume/index.html,64,html,b34f42da,Lucas Sherles,2025-04-03,11:54:04,-07:00,2025-04-03T11:54:04-07:00,0,21
resume/index.html,65,html,b34f42da,Lucas Sherles,2025-04-03,11:54:04,-07:00,2025-04-03T11:54:04-07:00,0,8
resume/index.html,66,html,129ce23e,Lucas Sherles,2025-07-21,16:11:15,-07:00,2025-07-21T16:11:15-07:00,0,121
resume/index.html,67,html,b34f42da,Lucas Sherles,2025-04-03,11:54:04,-07:00,2025-04-03T11:54:04-07:00,0,9
resume/index.html,68,html,b34f42da,Lucas Sherles,2025-04-03,11:54:04,-07:00,2025-04-03T11:54:04-07:00,0,3
resume/index.html,69,html,b34f42da,Lucas Sherles,2025-04-03,11:54:04,-07:00,2025-04-03T11:54:04-07:00,0,0
resume/index.html,70,html,b34f42da,Lucas Sherles,2025-04-03,11:54:04,-07:00,2025-04-03T11:54:04-07:00,0,8
resume/index.html,71,html,b34f42da,Lucas Sherles,2025-04-03,11:54:04,-07:00,2025-04-03T11:54:04-07:00,0,23
resume/index.html,72,html,6c0a4e23,Lucas Sherles,2026-08-12,12:01:03,-07:00,2026-08-12T12:01:03-07:00,0,28
resume/index.html,73,html,6c0a4e23,Lucas Sherles,2026-08-12,12:01:03,-07:00,2026-08-12T12:01:03-07:00,0,69
resume/index.html,74,html,b34f42da,Lucas Sherles,2025-04-03,11:54:04,-07:00,2025-04-03T11:54:04-07:00,0,3
resume/index.html,75,html,6c0a4e23,Lucas Sherles,2026-08-12,12:01:03,-07:00,2026-08-12T12:01:03-07:00,0,169
resume/index.html,76,html,6c0a4e23,Lucas Sherles,2026-08-12,12:01:03,-07:00,2026-08-12T12:01:03-07:00,0,179
resume/index.html,77,html,6c0a4e23,Lucas Sherles,2026-08-12,12:01:03,-07:00,2026-08-12T12:01:03-07:00,0,136
resume/index.html,78,html,b34f42da,Lucas Sherles,2025-04-03,11:54:04,-07:00,2025-04-03T11:54:04-07:00,0,4
resume/index.html,79,html,6c0a4e23,Lucas Sherles,2026-08-12,12:01:03,-07:00,2026-08-12T12:01:03-07:00,0,0
resume/index.html,80,html,a2f1f723,Lucas Sherles,2025-12-29,16:01:42,-08:00,2025-12-29T16:01:42-08:00,0,19
resume/index.html,81,html,b34f42da,Lucas Sherles,2025-04-03,11:54:04,-07:00,2025-04-03T11:54:04-07:00,0,56
resume/index.html,82,html,b34f42da,Lucas Sherles,2025-04-03,11:54:04,-07:00,2025-04-03T11:54:04-07:00,0,3
resume/index.html,83,html,6c0a4e23,Lucas Sherles,2026-08-12,12:01:03,-07:00,2026-08-12T12:01:03-07:00,0,141
resume/index.html,84,html,e1e7a642,Lucas Sherles,2025-12-04,17:23:02,-08:00,2025-12-04T17:23:02-08:00,0,138
resume/index.html,85,html,b34f42da,Lucas Sherles,2025-04-03,11:54:04,-07:00,2025-04-03T11:54:04-07:00,0,4
resume/index.html,86,html,6c0a4e23,Lucas Sherles,2026-08-12,12:01:03,-07:00,2026-08-12T12:01:03-07:00,0,35
resume/index.html,87,html,6c0a4e23,Lucas Sherles,2026-08-12,12:01:03,-07:00,2026-08-12T12:01:03-07:00,0,104
resume/index.html,88,html,6c0a4e23,Lucas Sherles,2026-08-12,12:01:03,-07:00,2026-08-12T12:01:03-07:00,0,3
resume/index.html,89,html,6c0a4e23,Lucas Sherles,2026-08-12,12:01:03,-07:00,2026-08-12T12:01:03-07:00,0,157
resume/index.html,90,html,6c0a4e23,Lucas Sherles,2026-08-12,12:01:03,-07:00,2026-08-12T12:01:03-07:00,0,165
resume/index.html,91,html,6c0a4e23,Lucas Sherles,2026-08-12,12:01:03,-07:00,2026-08-12T12:01:03-07:00,0,4
resume/index.html,92,html,b34f42da,Lucas Sherles,2025-04-03,11:54:04,-07:00,2025-04-03T11:54:04-07:00,0,9
resume/index.html,93,html,b34f42da,Lucas Sherles,2025-04-03,11:54:04,-07:00,2025-04-03T11:54:04-07:00,0,0
resume/index.html,94,html,b34f42da,Lucas Sherles,2025-04-03,11:54:04,-07:00,2025-04-03T11:54:04-07:00,0,8
resume/index.html,95,html,b34f42da,Lucas Sherles,2025-04-03,11:54:04,-07:00,2025-04-03T11:54:04-07:00,0,17
resume/index.html,96,html,6c0a4e23,Lucas Sherles,2026-08-12,12:01:03,-07:00,2026-08-12T12:01:03-07:00,0,66
resume/index.html,97,html,6c0a4e23,Lucas Sherles,2026-08-12,12:01:03,-07:00,2026-08-12T12:01:03-07:00,0,74
resume/index.html,98,html,6c0a4e23,Lucas Sherles,2026-08-12,12:01:03,-07:00,2026-08-12T12:01:03-07:00,0,3
resume/index.html,99,html,6c0a4e23,Lucas Sherles,2026-08-12,12:01:03,-07:00,2026-08-12T12:01:03-07:00,0,0
resume/index.html,100,html,db34a11f,Lucas Sherles,2025-04-04,13:45:27,-07:00,2025-04-04T13:45:27-07:00,0,73
resume/index.html,101,html,7357bbb5,Lucas Sherles,2025-12-03,01:49:27,-08:00,2025-12-03T01:49:27-08:00,0,73
resume/index.html,102,html,b34f42da,Lucas Sherles,2025-04-03,11:54:04,-07:00,2025-04-03T11:54:04-07:00,0,3
resume/index.html,103,html,7357bbb5,Lucas Sherles,2025-12-03,01:49:27,-08:00,2025-12-03T01:49:27-08:00,0,42
resume/index.html,104,html,db34a11f,Lucas Sherles,2025-04-04,13:45:27,-07:00,2025-04-04T13:45:27-07:00,0,98
resume/index.html,105,html,db34a11f,Lucas Sherles,2025-04-04,13:45:27,-07:00,2025-04-04T13:45:27-07:00,0,4
resume/index.html,106,html,afb9f544,Lucas Sherles,2025-06-18,18:37:56,-07:00,2025-06-18T18:37:56-07:00,0,36
resume/index.html,107,html,db34a11f,Lucas Sherles,2025-04-04,13:45:27,-07:00,2025-04-04T13:45:27-07:00,0,3
resume/index.html,108,html,f4fd4c8c,Lucas Sherles,2025-08-07,18:02:07,-07:00,2025-08-07T18:02:07-07:00,0,117
resume/index.html,109,html,b34f42da,Lucas Sherles,2025-04-03,11:54:04,-07:00,2025-04-03T11:54:04-07:00,0,4
resume/index.html,110,html,6c0a4e23,Lucas Sherles,2026-08-12,12:01:03,-07:00,2026-08-12T12:01:03-07:00,0,42
resume/index.html,111,html,afb9f544,Lucas Sherles,2025-06-18,18:37:56,-07:00,2025-06-18T18:37:56-07:00,0,63
resume/index.html,112,html,7357bbb5,Lucas Sherles,2025-12-03,01:49:27,-08:00,2025-12-03T01:49:27-08:00,0,3
resume/index.html,113,html,7357bbb5,Lucas Sherles,2025-12-03,01:49:27,-08:00,2025-12-03T01:49:27-08:00,0,197
resume/index.html,114,html,6c0a4e23,Lucas Sherles,2026-08-12,12:01:03,-07:00,2026-08-12T12:01:03-07:00,0,8
resume/index.html,115,html,b34f42da,Lucas Sherles,2025-04-03,11:54:04,-07:00,2025-04-03T11:54:04-07:00,0,9
resume/index.html,116,html,b34f42da,Lucas Sherles,2025-04-03,11:54:04,-07:00,2025-04-03T11:54:04-07:00,0,0
resume/index.html,117,html,b34f42da,Lucas Sherles,2025-04-03,11:54:04,-07:00,2025-04-03T11:54:04-07:00,0,8
resume/index.html,118,html,b34f42da,Lucas Sherles,2025-04-03,11:54:04,-07:00,2025-04-03T11:54:04-07:00,0,24
resume/index.html,119,html,afb9f544,Lucas Sherles,2025-06-18,18:37:56,-07:00,2025-06-18T18:37:56-07:00,0,67
resume/index.html,120,html,b34f42da,Lucas Sherles,2025-04-03,11:54:04,-07:00,2025-04-03T11:54:04-07:00,0,3
resume/index.html,121,html,e1e7a642,Lucas Sherles,2025-12-04,17:23:02,-08:00,2025-12-04T17:23:02-08:00,0,86
resume/index.html,122,html,e1e7a642,Lucas Sherles,2025-12-04,17:23:02,-08:00,2025-12-04T17:23:02-08:00,0,93
resume/index.html,123,html,e1e7a642,Lucas Sherles,2025-12-04,17:23:02,-08:00,2025-12-04T17:23:02-08:00,0,123
resume/index.html,124,html,b34f42da,Lucas Sherles,2025-04-03,11:54:04,-07:00,2025-04-03T11:54:04-07:00,0,4
resume/index.html,125,html,b34f42da,Lucas Sherles,2025-04-03,11:54:04,-07:00,2025-04-03T11:54:04-07:00,0,9
resume/index.html,126,html,b34f42da,Lucas Sherles,2025-04-03,11:54:04,-07:00,2025-04-03T11:54:04-07:00,0,0
resume/index.html,127,html,b34f42da,Lucas Sherles,2025-04-03,11:54:04,-07:00,2025-04-03T11:54:04-07:00,0,8
resume/index.html,128,html,b34f42da,Lucas Sherles,2025-04-03,11:54:04,-07:00,2025-04-03T11:54:04-07:00,0,24
resume/index.html,129,html,5780bc7e,Lucas Sherles,2025-04-11,17:48:48,-07:00,2025-04-11T17:48:48-07:00,0,3
resume/index.html,130,html,6c0a4e23,Lucas Sherles,2026-08-12,12:01:03,-07:00,2026-08-12T12:01:03-07:00,0,95
resume/index.html,131,html,5780bc7e,Lucas Sherles,2025-04-11,17:48:48,-07:00,2025-04-11T17:48:48-07:00,0,3
resume/index.html,132,html,fd7fe4e1,Lucas Sherles,2025-07-21,15:42:21,-07:00,2025-07-21T15:42:21-07:00,0,55
resume/index.html,133,html,7357bbb5,Lucas Sherles,2025-12-03,01:49:27,-08:00,2025-12-03T01:49:27-08:00,0,3
resume/index.html,134,html,7357bbb5,Lucas Sherles,2025-12-03,01:49:27,-08:00,2025-12-03T01:49:27-08:00,0,68
resume/index.html,135,html,5780bc7e,Lucas Sherles,2025-04-11,17:48:48,-07:00,2025-04-11T17:48:48-07:00,0,3
resume/index.html,136,html,b34f42da,Lucas Sherles,2025-04-03,11:54:04,-07:00,2025-04-03T11:54:04-07:00,0,9
resume/index.html,137,html,b34f42da,Lucas Sherles,2025-04-03,11:54:04,-07:00,2025-04-03T11:54:04-07:00,0,48
resume/index.html,138,html,b34f42da,Lucas Sherles,2025-04-03,11:54:04,-07:00,2025-04-03T11:54:04-07:00,0,6
resume/index.html,139,html,b34f42da,Lucas Sherles,2025-04-03,11:54:04,-07:00,2025-04-03T11:54:04-07:00,0,6
projects/projects.js,1,js,59bf5d39,Lucas Sherles,2025-04-24,11:57:10,-07:00,2025-04-24T11:57:10-07:00,0,56
projects/projects.js,2,js,79c4c190,Lucas Sherles,2025-04-30,19:40:52,-07:00,2025-04-30T19:40:52-07:00,0,54
projects/projects.js,3,js,59bf5d39,Lucas Sherles,2025-04-24,11:57:10,-07:00,2025-04-24T11:57:10-07:00,0,61
projects/projects.js,4,js,59bf5d39,Lucas Sherles,2025-04-24,11:57:10,-07:00,2025-04-24T11:57:10-07:00,0,0
projects/projects.js,5,js,59bf5d39,Lucas Sherles,2025-04-24,11:57:10,-07:00,2025-04-24T11:57:10-07:00,0,33
projects/projects.js,6,js,59bf5d39,Lucas Sherles,2025-04-24,11:57:10,-07:00,2025-04-24T11:57:10-07:00,0,62
projects/projects.js,7,js,59bf5d39,Lucas Sherles,2025-04-24,11:57:10,-07:00,2025-04-24T11:57:10-07:00,0,18
projects/projects.js,8,js,b85045e4,Lucas Sherles,2025-06-23,16:00:10,-07:00,2025-06-23T16:00:10-07:00,0,40
projects/projects.js,9,js,59bf5d39,Lucas Sherles,2025-04-24,11:57:10,-07:00,2025-04-24T11:57:10-07:00,0,0
projects/projects.js,10,js,59bf5d39,Lucas Sherles,2025-04-24,11:57:10,-07:00,2025-04-24T11:57:10-07:00,0,0
projects/projects.js,11,js,59bf5d39,Lucas Sherles,2025-04-24,11:57:10,-07:00,2025-04-24T11:57:10-07:00,0,49
projects/projects.js,12,js,79c4c190,Lucas Sherles,2025-04-30,19:40:52,-07:00,2025-04-30T19:40:52-07:00,0,0
projects/projects.js,13,js,a2f1f723,Lucas Sherles,2025-12-29,16:01:42,-08:00,2025-12-29T16:01:42-08:00,0,67
projects/projects.js,14,js,79c4c190,Lucas Sherles,2025-04-30,19:40:52,-07:00,2025-04-30T19:40:52-07:00,0,0
projects/projects.js,15,js,a2f1f723,Lucas Sherles,2025-12-29,16:01:42,-08:00,2025-12-29T16:01:42-08:00,0,25
projects/projects.js,16,js,a2f1f723,Lucas Sherles,2025-12-29,16:01:42,-08:00,2025-12-29T16:01:42-08:00,0,39
projects/projects.js,17,js,7d6462c5,Lucas Sherles,2025-05-01,13:23:48,-07:00,2025-05-01T13:23:48-07:00,0,0
projects/projects.js,18,js,7d6462c5,Lucas Sherles,2025-05-01,13:23:48,-07:00,2025-05-01T13:23:48-07:00,0,41
projects/projects.js,19,js,a2f1f723,Lucas Sherles,2025-12-29,16:01:42,-08:00,2025-12-29T16:01:42-08:00,0,42
projects/projects.js,20,js,a2f1f723,Lucas Sherles,2025-12-29,16:01:42,-08:00,2025-12-29T16:01:42-08:00,0,31
projects/projects.js,21,js,a2f1f723,Lucas Sherles,2025-12-29,16:01:42,-08:00,2025-12-29T16:01:42-08:00,0,35
projects/projects.js,22,js,a2f1f723,Lucas Sherles,2025-12-29,16:01:42,-08:00,2025-12-29T16:01:42-08:00,0,20
projects/projects.js,23,js,a2f1f723,Lucas Sherles,2025-12-29,16:01:42,-08:00,2025-12-29T16:01:42-08:00,0,22
projects/projects.js,24,js,a2f1f723,Lucas Sherles,2025-12-29,16:01:42,-08:00,2025-12-29T16:01:42-08:00,0,20
projects/projects.js,25,js,a2f1f723,Lucas Sherles,2025-12-29,16:01:42,-08:00,2025-12-29T16:01:42-08:00,0,6
projects/projects.js,26,js,a2f1f723,Lucas Sherles,2025-12-29,16:01:42,-08:00,2025-12-29T16:01:42-08:00,0,0
projects/projects.js,27,js,a2f1f723,Lucas Sherles,2025-12-29,16:01:42,-08:00,2025-12-29T16:01:42-08:00,0,24
projects/projects.js,28,js,a2f1f723,Lucas Sherles,2025-12-29,16:01:42,-08:00,2025-12-29T16:01:42-08:00,0,56
projects/projects.js,29,js,a2f1f723,Lucas Sherles,2025-12-29,16:01:42,-08:00,2025-12-29T16:01:42-08:00,0,43
projects/projects.js,30,js,a2f1f723,Lucas Sherles,2025-12-29,16:01:42,-08:00,2025-12-29T16:01:42-08:00,0,7
projects/projects.js,31,js,a2f1f723,Lucas Sherles,2025-12-29,16:01:42,-08:00,2025-12-29T16:01:42-08:00,0,0
projects/projects.js,32,js,a2f1f723,Lucas Sherles,2025-12-29,16:01:42,-08:00,2025-12-29T16:01:42-08:00,0,45
projects/projects.js,33,js,a2f1f723,Lucas Sherles,2025-12-29,16:01:42,-08:00,2025-12-29T16:01:42-08:00,0,59
projects/projects.js,34,js,a2f1f723,Lucas Sherles,2025-12-29,16:01:42,-08:00,2025-12-29T16:01:42-08:00,0,48
projects/projects.js,35,js,a2f1f723,Lucas Sherles,2025-12-29,16:01:42,-08:00,2025-12-29T16:01:42-08:00,0,0
projects/projects.js,36,js,a2f1f723,Lucas Sherles,2025-12-29,16:01:42,-08:00,2025-12-29T16:01:42-08:00,0,33
projects/projects.js,37,js,a2f1f723,Lucas Sherles,2025-12-29,16:01:42,-08:00,2025-12-29T16:01:42-08:00,0,34
projects/projects.js,38,js,a2f1f723,Lucas Sherles,2025-12-29,16:01:42,-08:00,2025-12-29T16:01:42-08:00,0,38
projects/projects.js,39,js,a2f1f723,Lucas Sherles,2025-12-29,16:01:42,-08:00,2025-12-29T16:01:42-08:00,0,0
projects/projects.js,40,js,a2f1f723,Lucas Sherles,2025-12-29,16:01:42,-08:00,2025-12-29T16:01:42-08:00,0,38
projects/projects.js,41,js,a2f1f723,Lucas Sherles,2025-12-29,16:01:42,-08:00,2025-12-29T16:01:42-08:00,0,35
projects/projects.js,42,js,a2f1f723,Lucas Sherles,2025-12-29,16:01:42,-08:00,2025-12-29T16:01:42-08:00,0,0
projects/projects.js,43,js,a2f1f723,Lucas Sherles,2025-12-29,16:01:42,-08:00,2025-12-29T16:01:42-08:00,0,36
projects/projects.js,44,js,a2f1f723,Lucas Sherles,2025-12-29,16:01:42,-08:00,2025-12-29T16:01:42-08:00,0,63
projects/projects.js,45,js,a2f1f723,Lucas Sherles,2025-12-29,16:01:42,-08:00,2025-12-29T16:01:42-08:00,0,50
projects/projects.js,46,js,a2f1f723,Lucas Sherles,2025-12-29,16:01:42,-08:00,2025-12-29T16:01:42-08:00,0,0
projects/projects.js,47,js,a2f1f723,Lucas Sherles,2025-12-29,16:01:42,-08:00,2025-12-29T16:01:42-08:00,0,19
projects/projects.js,48,js,a2f1f723,Lucas Sherles,2025-12-29,16:01:42,-08:00,2025-12-29T16:01:42-08:00,0,38
projects/projects.js,49,js,a2f1f723,Lucas Sherles,2025-12-29,16:01:42,-08:00,2025-12-29T16:01:42-08:00,0,27
projects/projects.js,50,js,a2f1f723,Lucas Sherles,2025-12-29,16:01:42,-08:00,2025-12-29T16:01:42-08:00,0,37
projects/projects.js,51,js,a2f1f723,Lucas Sherles,2025-12-29,16:01:42,-08:00,2025-12-29T16:01:42-08:00,0,34
projects/projects.js,52,js,a2f1f723,Lucas Sherles,2025-12-29,16:01:42,-08:00,2025-12-29T16:01:42-08:00,0,32
projects/projects.js,53,js,a2f1f723,Lucas Sherles,2025-12-29,16:01:42,-08:00,2025-12-29T16:01:42-08:00,0,32
projects/projects.js,54,js,a2f1f723,Lucas Sherles,2025-12-29,16:01:42,-08:00,2025-12-29T16:01:42-08:00,0,51
projects/projects.js,55,js,a2f1f723,Lucas Sherles,2025-12-29,16:01:42,-08:00,2025-12-29T16:01:42-08:00,0,28
projects/projects.js,56,js,a2f1f723,Lucas Sherles,2025-12-29,16:01:42,-08:00,2025-12-29T16:01:42-08:00,0,59
projects/projects.js,57,js,a2f1f723,Lucas Sherles,2025-12-29,16:01:42,-08:00,2025-12-29T16:01:42-08:00,0,37
projects/projects.js,58,js,a2f1f723,Lucas Sherles,2025-12-29,16:01:42,-08:00,2025-12-29T16:01:42-08:00,0,70
projects/projects.js,59,js,a2f1f723,Lucas Sherles,2025-12-29,16:01:42,-08:00,2025-12-29T16:01:42-08:00,0,18
projects/projects.js,60,js,a2f1f723,Lucas Sherles,2025-12-29,16:01:42,-08:00,2025-12-29T16:01:42-08:00,0,60
projects/projects.js,61,js,a2f1f723,Lucas Sherles,2025-12-29,16:01:42,-08:00,2025-12-29T16:01:42-08:00,0,78
projects/projects.js,62,js,a2f1f723,Lucas Sherles,2025-12-29,16:01:42,-08:00,2025-12-29T16:01:42-08:00,0,62
projects/projects.js,63,js,a2f1f723,Lucas Sherles,2025-12-29,16:01:42,-08:00,2025-12-29T16:01:42-08:00,0,11
projects/projects.js,64,js,a2f1f723,Lucas Sherles,2025-12-29,16:01:42,-08:00,2025-12-29T16:01:42-08:00,0,0
projects/projects.js,65,js,a2f1f723,Lucas Sherles,2025-12-29,16:01:42,-08:00,2025-12-29T16:01:42-08:00,0,40
projects/projects.js,66,js,7d6462c5,Lucas Sherles,2025-05-01,13:23:48,-07:00,2025-05-01T13:23:48-07:00,0,0
projects/projects.js,67,js,a2f1f723,Lucas Sherles,2025-12-29,16:01:42,-08:00,2025-12-29T16:01:42-08:00,0,11
projects/projects.js,68,js,a2f1f723,Lucas Sherles,2025-12-29,16:01:42,-08:00,2025-12-29T16:01:42-08:00,0,7
projects/projects.js,69,js,a2f1f723,Lucas Sherles,2025-12-29,16:01:42,-08:00,2025-12-29T16:01:42-08:00,0,0
projects/projects.js,70,js,a2f1f723,Lucas Sherles,2025-12-29,16:01:42,-08:00,2025-12-29T16:01:42-08:00,0,21
projects/projects.js,71,js,a2f1f723,Lucas Sherles,2025-12-29,16:01:42,-08:00,2025-12-29T16:01:42-08:00,0,33
projects/projects.js,72,js,a2f1f723,Lucas Sherles,2025-12-29,16:01:42,-08:00,2025-12-29T16:01:42-08:00,0,12
projects/projects.js,73,js,a2f1f723,Lucas Sherles,2025-12-29,16:01:42,-08:00,2025-12-29T16:01:42-08:00,0,21
projects/projects.js,74,js,a2f1f723,Lucas Sherles,2025-12-29,16:01:42,-08:00,2025-12-29T16:01:42-08:00,0,86
projects/projects.js,75,js,a2f1f723,Lucas Sherles,2025-12-29,16:01:42,-08:00,2025-12-29T16:01:42-08:00,0,48
projects/projects.js,76,js,a2f1f723,Lucas Sherles,2025-12-29,16:01:42,-08:00,2025-12-29T16:01:42-08:00,0,78
projects/projects.js,77,js,a2f1f723,Lucas Sherles,2025-12-29,16:01:42,-08:00,2025-12-29T16:01:42-08:00,0,28
projects/projects.js,78,js,a2f1f723,Lucas Sherles,2025-12-29,16:01:42,-08:00,2025-12-29T16:01:42-08:00,0,59
projects/projects.js,79,js,a2f1f723,Lucas Sherles,2025-12-29,16:01:42,-08:00,2025-12-29T16:01:42-08:00,0,0
projects/projects.js,80,js,a2f1f723,Lucas Sherles,2025-12-29,16:01:42,-08:00,2025-12-29T16:01:42-08:00,0,42
projects/projects.js,81,js,a2f1f723,Lucas Sherles,2025-12-29,16:01:42,-08:00,2025-12-29T16:01:42-08:00,0,37
projects/projects.js,82,js,a2f1f723,Lucas Sherles,2025-12-29,16:01:42,-08:00,2025-12-29T16:01:42-08:00,0,70
projects/projects.js,83,js,a2f1f723,Lucas Sherles,2025-12-29,16:01:42,-08:00,2025-12-29T16:01:42-08:00,0,18
projects/projects.js,84,js,a2f1f723,Lucas Sherles,2025-12-29,16:01:42,-08:00,2025-12-29T16:01:42-08:00,0,60
projects/projects.js,85,js,a2f1f723,Lucas Sherles,2025-12-29,16:01:42,-08:00,2025-12-29T16:01:42-08:00,0,78
projects/projects.js,86,js,a2f1f723,Lucas Sherles,2025-12-29,16:01:42,-08:00,2025-12-29T16:01:42-08:00,0,62
projects/projects.js,87,js,a2f1f723,Lucas Sherles,2025-12-29,16:01:42,-08:00,2025-12-29T16:01:42-08:00,0,11
projects/projects.js,88,js,a2f1f723,Lucas Sherles,2025-12-29,16:01:42,-08:00,2025-12-29T16:01:42-08:00,0,0
projects/projects.js,89,js,a2f1f723,Lucas Sherles,2025-12-29,16:01:42,-08:00,2025-12-29T16:01:42-08:00,0,40
projects/projects.js,90,js,a2f1f723,Lucas Sherles,2025-12-29,16:01:42,-08:00,2025-12-29T16:01:42-08:00,0,11
projects/projects.js,91,js,a2f1f723,Lucas Sherles,2025-12-29,16:01:42,-08:00,2025-12-29T16:01:42-08:00,0,7
projects/projects.js,92,js,a2f1f723,Lucas Sherles,2025-12-29,16:01:42,-08:00,2025-12-29T16:01:42-08:00,0,3
projects/projects.js,93,js,a2f1f723,Lucas Sherles,2025-12-29,16:01:42,-08:00,2025-12-29T16:01:42-08:00,0,0
projects/projects.js,94,js,a2f1f723,Lucas Sherles,2025-12-29,16:01:42,-08:00,2025-12-29T16:01:42-08:00,0,36
projects/projects.js,95,js,a2f1f723,Lucas Sherles,2025-12-29,16:01:42,-08:00,2025-12-29T16:01:42-08:00,0,27
projects/projects.js,96,js,a2f1f723,Lucas Sherles,2025-12-29,16:01:42,-08:00,2025-12-29T16:01:42-08:00,0,0
projects/projects.js,97,js,a2f1f723,Lucas Sherles,2025-12-29,16:01:42,-08:00,2025-12-29T16:01:42-08:00,0,57
projects/projects.js,98,js,a2f1f723,Lucas Sherles,2025-12-29,16:01:42,-08:00,2025-12-29T16:01:42-08:00,0,0
projects/projects.js,99,js,a2f1f723,Lucas Sherles,2025-12-29,16:01:42,-08:00,2025-12-29T16:01:42-08:00,0,52
projects/projects.js,100,js,a2f1f723,Lucas Sherles,2025-12-29,16:01:42,-08:00,2025-12-29T16:01:42-08:00,0,49
projects/projects.js,101,js,a2f1f723,Lucas Sherles,2025-12-29,16:01:42,-08:00,2025-12-29T16:01:42-08:00,0,57
projects/projects.js,102,js,a2f1f723,Lucas Sherles,2025-12-29,16:01:42,-08:00,2025-12-29T16:01:42-08:00,0,53
projects/projects.js,103,js,a2f1f723,Lucas Sherles,2025-12-29,16:01:42,-08:00,2025-12-29T16:01:42-08:00,0,67
projects/projects.js,104,js,a2f1f723,Lucas Sherles,2025-12-29,16:01:42,-08:00,2025-12-29T16:01:42-08:00,0,36
projects/projects.js,105,js,a2f1f723,Lucas Sherles,2025-12-29,16:01:42,-08:00,2025-12-29T16:01:42-08:00,0,7
projects/projects.js,106,js,a2f1f723,Lucas Sherles,2025-12-29,16:01:42,-08:00,2025-12-29T16:01:42-08:00,0,0
projects/projects.js,107,js,a2f1f723,Lucas Sherles,2025-12-29,16:01:42,-08:00,2025-12-29T16:01:42-08:00,0,62
projects/projects.js,108,js,a2f1f723,Lucas Sherles,2025-12-29,16:01:42,-08:00,2025-12-29T16:01:42-08:00,0,37
projects/projects.js,109,js,a2f1f723,Lucas Sherles,2025-12-29,16:01:42,-08:00,2025-12-29T16:01:42-08:00,0,5
projects/projects.js,110,js,79c4c190,Lucas Sherles,2025-04-30,19:40:52,-07:00,2025-04-30T19:40:52-07:00,0,0
projects/index.html,1,html,61b3cfc8,Lucas Sherles,2025-04-02,16:39:15,-07:00,2025-04-02T16:39:15-07:00,0,14
projects/index.html,2,html,61b3cfc8,Lucas Sherles,2025-04-02,16:39:15,-07:00,2025-04-02T16:39:15-07:00,0,15
projects/index.html,3,html,61b3cfc8,Lucas Sherles,2025-04-02,16:39:15,-07:00,2025-04-02T16:39:15-07:00,0,5
projects/index.html,4,html,61b3cfc8,Lucas Sherles,2025-04-02,16:39:15,-07:00,2025-04-02T16:39:15-07:00,0,21
projects/index.html,5,html,61b3cfc8,Lucas Sherles,2025-04-02,16:39:15,-07:00,2025-04-02T16:39:15-07:00,0,69
projects/index.html,6,html,61b3cfc8,Lucas Sherles,2025-04-02,16:39:15,-07:00,2025-04-02T16:39:15-07:00,0,25
projects/index.html,7,html,d2525a26,Lucas Sherles,2025-04-10,00:26:29,-07:00,2025-04-10T00:26:29-07:00,0,42
projects/index.html,8,html,680f39bb,Lucas Sherles,2025-04-15,16:21:25,-07:00,2025-04-15T16:21:25-07:00,0,49
projects/index.html,9,html,59bf5d39,Lucas Sherles,2025-04-24,11:57:10,-07:00,2025-04-24T11:57:10-07:00,0,50
projects/index.html,10,html,61b3cfc8,Lucas Sherles,2025-04-02,16:39:15,-07:00,2025-04-02T16:39:15-07:00,0,6
projects/index.html,11,html,61b3cfc8,Lucas Sherles,2025-04-02,16:39:15,-07:00,2025-04-02T16:39:15-07:00,0,5
projects/index.html,12,html,680f39bb,Lucas Sherles,2025-04-15,16:21:25,-07:00,2025-04-15T16:21:25-07:00,0,0
projects/index.html,13,html,59bf5d39,Lucas Sherles,2025-04-24,11:57:10,-07:00,2025-04-24T11:57:10-07:00,0,26
projects/index.html,14,html,d2525a26,Lucas Sherles,2025-04-10,00:26:29,-07:00,2025-04-10T00:26:29-07:00,0,4
projects/index.html,15,html,79c4c190,Lucas Sherles,2025-04-30,19:40:52,-07:00,2025-04-30T19:40:52-07:00,0,0
projects/index.html,16,html,a2f1f723,Lucas Sherles,2025-12-29,16:01:42,-08:00,2025-12-29T16:01:42-08:00,0,27
projects/index.html,17,html,79c4c190,Lucas Sherles,2025-04-30,19:40:52,-07:00,2025-04-30T19:40:52-07:00,0,5
projects/index.html,18,html,79c4c190,Lucas Sherles,2025-04-30,19:40:52,-07:00,2025-04-30T19:40:52-07:00,0,16
projects/index.html,19,html,79c4c190,Lucas Sherles,2025-04-30,19:40:52,-07:00,2025-04-30T19:40:52-07:00,0,12
projects/index.html,20,html,79c4c190,Lucas Sherles,2025-04-30,19:40:52,-07:00,2025-04-30T19:40:52-07:00,0,27
projects/index.html,21,html,79c4c190,Lucas Sherles,2025-04-30,19:40:52,-07:00,2025-04-30T19:40:52-07:00,0,32
projects/index.html,22,html,79c4c190,Lucas Sherles,2025-04-30,19:40:52,-07:00,2025-04-30T19:40:52-07:00,0,1
projects/index.html,23,html,79c4c190,Lucas Sherles,2025-04-30,19:40:52,-07:00,2025-04-30T19:40:52-07:00,0,59
projects/index.html,24,html,79c4c190,Lucas Sherles,2025-04-30,19:40:52,-07:00,2025-04-30T19:40:52-07:00,0,23
projects/index.html,25,html,a2f1f723,Lucas Sherles,2025-12-29,16:01:42,-08:00,2025-12-29T16:01:42-08:00,0,9
projects/index.html,26,html,79c4c190,Lucas Sherles,2025-04-30,19:40:52,-07:00,2025-04-30T19:40:52-07:00,0,0
projects/index.html,27,html,4208850b,Lucas Sherles,2025-04-10,14:56:40,-07:00,2025-04-10T14:56:40-07:00,0,21
projects/index.html,28,html,4208850b,Lucas Sherles,2025-04-10,14:56:40,-07:00,2025-04-10T14:56:40-07:00,0,5
projects/index.html,29,html,61b3cfc8,Lucas Sherles,2025-04-02,16:39:15,-07:00,2025-04-02T16:39:15-07:00,0,6
projects/index.html,30,html,61b3cfc8,Lucas Sherles,2025-04-02,16:39:15,-07:00,2025-04-02T16:39:15-07:00,0,6
meta/meta.js,1,js,b90199f5,Lucas Sherles,2025-05-27,18:42:28,-07:00,2025-05-27T18:42:28-07:00,0,64
meta/meta.js,2,js,b90199f5,Lucas Sherles,2025-05-27,18:42:28,-07:00,2025-05-27T18:42:28-07:00,0,73
meta/meta.js,3,js,b90199f5,Lucas Sherles,2025-05-27,18:42:28,-07:00,2025-05-27T18:42:28-07:00,0,0
meta/meta.js,4,js,b90199f5,Lucas Sherles,2025-05-27,18:42:28,-07:00,2025-05-27T18:42:28-07:00,0,26
meta/meta.js,5,js,b90199f5,Lucas Sherles,2025-05-27,18:42:28,-07:00,2025-05-27T18:42:28-07:00,0,47
meta/meta.js,6,js,b90199f5,Lucas Sherles,2025-05-27,18:42:28,-07:00,2025-05-27T18:42:28-07:00,0,6
meta/meta.js,7,js,b90199f5,Lucas Sherles,2025-05-27,18:42:28,-07:00,2025-05-27T18:42:28-07:00,0,43
meta/meta.js,8,js,b90199f5,Lucas Sherles,2025-05-27,18:42:28,-07:00,2025-05-27T18:42:28-07:00,0,24
meta/meta.js,9,js,b90199f5,Lucas Sherles,2025-05-27,18:42:28,-07:00,2025-05-27T18:42:28-07:00,0,26
meta/meta.js,10,js,b90199f5,Lucas Sherles,2025-05-27,18:42:28,-07:00,2025-05-27T18:42:28-07:00,0,50
meta/meta.js,11,js,b90199f5,Lucas Sherles,2025-05-27,18:42:28,-07:00,2025-05-27T18:42:28-07:00,0,32
meta/meta.js,12,js,b90199f5,Lucas Sherles,2025-05-27,18:42:28,-07:00,2025-05-27T18:42:28-07:00,0,0
meta/meta.js,13,js,b90199f5,Lucas Sherles,2025-05-27,18:42:28,-07:00,2025-05-27T18:42:28-07:00,0,3
meta/meta.js,14,js,b90199f5,Lucas Sherles,2025-05-27,18:42:28,-07:00,2025-05-27T18:42:28-07:00,0,0
meta/meta.js,15,js,b90199f5,Lucas Sherles,2025-05-27,18:42:28,-07:00,2025-05-27T18:42:28-07:00,0,11
meta/meta.js,16,js,b90199f5,Lucas Sherles,2025-05-27,18:42:28,-07:00,2025-05-27T18:42:28-07:00,0,0
meta/meta.js,17,js,b90199f5,Lucas Sherles,2025-05-27,18:42:28,-07:00,2025-05-27T18:42:28-07:00,0,0
meta/meta.js,18,js,b90199f5,Lucas Sherles,2025-05-27,18:42:28,-07:00,2025-05-27T18:42:28-07:00,0,18
meta/meta.js,19,js,b90199f5,Lucas Sherles,2025-05-27,18:42:28,-07:00,2025-05-27T18:42:28-07:00,0,27
meta/meta.js,20,js,b90199f5,Lucas Sherles,2025-05-27,18:42:28,-07:00,2025-05-27T18:42:28-07:00,0,34
meta/meta.js,21,js,b90199f5,Lucas Sherles,2025-05-27,18:42:28,-07:00,2025-05-27T18:42:28-07:00,0,29
meta/meta.js,22,js,b90199f5,Lucas Sherles,2025-05-27,18:42:28,-07:00,2025-05-27T18:42:28-07:00,0,24
meta/meta.js,23,js,b90199f5,Lucas Sherles,2025-05-27,18:42:28,-07:00,2025-05-27T18:42:28-07:00,0,17
meta/meta.js,24,js,b90199f5,Lucas Sherles,2025-05-27,18:42:28,-07:00,2025-05-27T18:42:28-07:00,0,11
meta/meta.js,25,js,b90199f5,Lucas Sherles,2025-05-27,18:42:28,-07:00,2025-05-27T18:42:28-07:00,0,8
meta/meta.js,26,js,b90199f5,Lucas Sherles,2025-05-27,18:42:28,-07:00,2025-05-27T18:42:28-07:00,0,34
meta/meta.js,27,js,b90199f5,Lucas Sherles,2025-05-27,18:42:28,-07:00,2025-05-27T18:42:28-07:00,0,34
meta/meta.js,28,js,b90199f5,Lucas Sherles,2025-05-27,18:42:28,-07:00,2025-05-27T18:42:28-07:00,0,1
meta/meta.js,29,js,b90199f5,Lucas Sherles,2025-05-27,18:42:28,-07:00,2025-05-27T18:42:28-07:00,0,16
meta/meta.js,30,js,b90199f5,Lucas Sherles,2025-05-27,18:42:28,-07:00,2025-05-27T18:42:28-07:00,0,52
meta/meta.js,31,js,b90199f5,Lucas Sherles,2025-05-27,18:42:28,-07:00,2025-05-27T18:42:28-07:00,0,0
meta/meta.js,32,js,b90199f5,Lucas Sherles,2025-05-27,18:42:28,-07:00,2025-05-27T18:42:28-07:00,0,0
meta/meta.js,33,js,b90199f5,Lucas Sherles,2025-05-27,18:42:28,-07:00,2025-05-27T18:42:28-07:00,0,31
meta/meta.js,34,js,b90199f5,Lucas Sherles,2025-05-27,18:42:28,-07:00,2025-05-27T18:42:28-07:00,0,32
meta/meta.js,35,js,b90199f5,Lucas Sherles,2025-05-27,18:42:28,-07:00,2025-05-27T18:42:28-07:00,0,0
meta/meta.js,36,js,b90199f5,Lucas Sherles,2025-05-27,18:42:28,-07:00,2025-05-27T18:42:28-07:00,0,0
meta/meta.js,37,js,b90199f5,Lucas Sherles,2025-05-27,18:42:28,-07:00,2025-05-27T18:42:28-07:00,0,20
meta/meta.js,38,js,b90199f5,Lucas Sherles,2025-05-27,18:42:28,-07:00,2025-05-27T18:42:28-07:00,0,29
meta/meta.js,39,js,b90199f5,Lucas Sherles,2025-05-27,18:42:28,-07:00,2025-05-27T18:42:28-07:00,0,0
meta/meta.js,40,js,b90199f5,Lucas Sherles,2025-05-27,18:42:28,-07:00,2025-05-27T18:42:28-07:00,0,0
meta/meta.js,41,js,b90199f5,Lucas Sherles,2025-05-27,18:42:28,-07:00,2025-05-27T18:42:28-07:00,0,30
meta/meta.js,42,js,b90199f5,Lucas Sherles,2025-05-27,18:42:28,-07:00,2025-05-27T18:42:28-07:00,0,17
meta/meta.js,43,js,b90199f5,Lucas Sherles,2025-05-27,18:42:28,-07:00,2025-05-27T18:42:28-07:00,0,29
meta/meta.js,44,js,b90199f5,Lucas Sherles,2025-05-27,18:42:28,-07:00,2025-05-27T18:42:28-07:00,0,26
meta/meta.js,45,js,b90199f5,Lucas Sherles,2025-05-27,18:42:28,-07:00,2025-05-27T18:42:28-07:00,0,20
meta/meta.js,46,js,b90199f5,Lucas Sherles,2025-05-27,18:42:28,-07:00,2025-05-27T18:42:28-07:00,0,54
meta/meta.js,47,js,b90199f5,Lucas Sherles,2025-05-27,18:42:28,-07:00,2025-05-27T18:42:28-07:00,0,10
meta/meta.js,48,js,b90199f5,Lucas Sherles,2025-05-27,18:42:28,-07:00,2025-05-27T18:42:28-07:00,0,10
meta/meta.js,49,js,b90199f5,Lucas Sherles,2025-05-27,18:42:28,-07:00,2025-05-27T18:42:28-07:00,0,60
meta/meta.js,50,js,b90199f5,Lucas Sherles,2025-05-27,18:42:28,-07:00,2025-05-27T18:42:28-07:00,0,6
meta/meta.js,51,js,b90199f5,Lucas Sherles,2025-05-27,18:42:28,-07:00,2025-05-27T18:42:28-07:00,0,4
meta/meta.js,52,js,b90199f5,Lucas Sherles,2025-05-27,18:42:28,-07:00,2025-05-27T18:42:28-07:00,0,4
meta/meta.js,53,js,b90199f5,Lucas Sherles,2025-05-27,18:42:28,-07:00,2025-05-27T18:42:28-07:00,0,8
meta/meta.js,54,js,b90199f5,Lucas Sherles,2025-05-27,18:42:28,-07:00,2025-05-27T18:42:28-07:00,0,8
meta/meta.js,55,js,b90199f5,Lucas Sherles,2025-05-27,18:42:28,-07:00,2025-05-27T18:42:28-07:00,0,58
meta/meta.js,56,js,b90199f5,Lucas Sherles,2025-05-27,18:42:28,-07:00,2025-05-27T18:42:28-07:00,0,24
meta/meta.js,57,js,b90199f5,Lucas Sherles,2025-05-27,18:42:28,-07:00,2025-05-27T18:42:28-07:00,0,1
meta/meta.js,58,js,b90199f5,Lucas Sherles,2025-05-27,18:42:28,-07:00,2025-05-27T18:42:28-07:00,0,0
meta/meta.js,59,js,b90199f5,Lucas Sherles,2025-05-27,18:42:28,-07:00,2025-05-27T18:42:28-07:00,0,36
meta/meta.js,60,js,b90199f5,Lucas Sherles,2025-05-27,18:42:28,-07:00,2025-05-27T18:42:28-07:00,0,12
meta/meta.js,61,js,b90199f5,Lucas Sherles,2025-05-27,18:42:28,-07:00,2025-05-27T18:42:28-07:00,0,15
meta/meta.js,62,js,b90199f5,Lucas Sherles,2025-05-27,18:42:28,-07:00,2025-05-27T18:42:28-07:00,0,17
meta/meta.js,63,js,b90199f5,Lucas Sherles,2025-05-27,18:42:28,-07:00,2025-05-27T18:42:28-07:00,0,19
meta/meta.js,64,js,b90199f5,Lucas Sherles,2025-05-27,18:42:28,-07:00,2025-05-27T18:42:28-07:00,0,2
meta/meta.js,65,js,b90199f5,Lucas Sherles,2025-05-27,18:42:28,-07:00,2025-05-27T18:42:28-07:00,0,0
meta/meta.js,66,js,b90199f5,Lucas Sherles,2025-05-27,18:42:28,-07:00,2025-05-27T18:42:28-07:00,0,10
meta/meta.js,67,js,b90199f5,Lucas Sherles,2025-05-27,18:42:28,-07:00,2025-05-27T18:42:28-07:00,0,2
meta/meta.js,68,js,b90199f5,Lucas Sherles,2025-05-27,18:42:28,-07:00,2025-05-27T18:42:28-07:00,0,0
meta/meta.js,69,js,b90199f5,Lucas Sherles,2025-05-27,18:42:28,-07:00,2025-05-27T18:42:28-07:00,0,30
meta/meta.js,70,js,b90199f5,Lucas Sherles,2025-05-27,18:42:28,-07:00,2025-05-27T18:42:28-07:00,0,67
meta/meta.js,71,js,b90199f5,Lucas Sherles,2025-05-27,18:42:28,-07:00,2025-05-27T18:42:28-07:00,0,0
meta/meta.js,72,js,b90199f5,Lucas Sherles,2025-05-27,18:42:28,-07:00,2025-05-27T18:42:28-07:00,0,0
meta/meta.js,73,js,b90199f5,Lucas Sherles,2025-05-27,18:42:28,-07:00,2025-05-27T18:42:28-07:00,0,0
meta/meta.js,74,js,b90199f5,Lucas Sherles,2025-05-27,18:42:28,-07:00,2025-05-27T18:42:28-07:00,0,41
meta/meta.js,75,js,b90199f5,Lucas Sherles,2025-05-27,18:42:28,-07:00,2025-05-27T18:42:28-07:00,0,73
meta/meta.js,76,js,b90199f5,Lucas Sherles,2025-05-27,18:42:28,-07:00,2025-05-27T18:42:28-07:00,0,0
meta/meta.js,77,js,b90199f5,Lucas Sherles,2025-05-27,18:42:28,-07:00,2025-05-27T18:42:28-07:00,0,38
meta/meta.js,78,js,b90199f5,Lucas Sherles,2025-05-27,18:42:28,-07:00,2025-05-27T18:42:28-07:00,0,58
meta/meta.js,79,js,b90199f5,Lucas Sherles,2025-05-27,18:42:28,-07:00,2025-05-27T18:42:28-07:00,0,29
meta/meta.js,80,js,b90199f5,Lucas Sherles,2025-05-27,18:42:28,-07:00,2025-05-27T18:42:28-07:00,0,44
meta/meta.js,81,js,b90199f5,Lucas Sherles,2025-05-27,18:42:28,-07:00,2025-05-27T18:42:28-07:00,0,0
meta/meta.js,82,js,b90199f5,Lucas Sherles,2025-05-27,18:42:28,-07:00,2025-05-27T18:42:28-07:00,0,48
meta/meta.js,83,js,b90199f5,Lucas Sherles,2025-05-27,18:42:28,-07:00,2025-05-27T18:42:28-07:00,0,49
meta/meta.js,84,js,b90199f5,Lucas Sherles,2025-05-27,18:42:28,-07:00,2025-05-27T18:42:28-07:00,0,0
meta/meta.js,85,js,b90199f5,Lucas Sherles,2025-05-27,18:42:28,-07:00,2025-05-27T18:42:28-07:00,0,0
meta/meta.js,86,js,b90199f5,Lucas Sherles,2025-05-27,18:42:28,-07:00,2025-05-27T18:42:28-07:00,0,52
meta/meta.js,87,js,b90199f5,Lucas Sherles,2025-05-27,18:42:28,-07:00,2025-05-27T18:42:28-07:00,0,44
meta/meta.js,88,js,b90199f5,Lucas Sherles,2025-05-27,18:42:28,-07:00,2025-05-27T18:42:28-07:00,0,0
meta/meta.js,89,js,b90199f5,Lucas Sherles,2025-05-27,18:42:28,-07:00,2025-05-27T18:42:28-07:00,0,30
meta/meta.js,90,js,b90199f5,Lucas Sherles,2025-05-27,18:42:28,-07:00,2025-05-27T18:42:28-07:00,0,4
meta/meta.js,91,js,b90199f5,Lucas Sherles,2025-05-27,18:42:28,-07:00,2025-05-27T18:42:28-07:00,0,27
meta/meta.js,92,js,b90199f5,Lucas Sherles,2025-05-27,18:42:28,-07:00,2025-05-27T18:42:28-07:00,0,10
meta/meta.js,93,js,b90199f5,Lucas Sherles,2025-05-27,18:42:28,-07:00,2025-05-27T18:42:28-07:00,0,1
meta/meta.js,94,js,b90199f5,Lucas Sherles,2025-05-27,18:42:28,-07:00,2025-05-27T18:42:28-07:00,0,52
meta/meta.js,95,js,b90199f5,Lucas Sherles,2025-05-27,18:42:28,-07:00,2025-05-27T18:42:28-07:00,0,55
meta/meta.js,96,js,b90199f5,Lucas Sherles,2025-05-27,18:42:28,-07:00,2025-05-27T18:42:28-07:00,0,0
meta/meta.js,97,js,b90199f5,Lucas Sherles,2025-05-27,18:42:28,-07:00,2025-05-27T18:42:28-07:00,0,53
meta/meta.js,98,js,b90199f5,Lucas Sherles,2025-05-27,18:42:28,-07:00,2025-05-27T18:42:28-07:00,0,62
meta/meta.js,99,js,b90199f5,Lucas Sherles,2025-05-27,18:42:28,-07:00,2025-05-27T18:42:28-07:00,0,0
meta/meta.js,100,js,b90199f5,Lucas Sherles,2025-05-27,18:42:28,-07:00,2025-05-27T18:42:28-07:00,0,0
meta/meta.js,101,js,b90199f5,Lucas Sherles,2025-05-27,18:42:28,-07:00,2025-05-27T18:42:28-07:00,0,0
meta/meta.js,102,js,b90199f5,Lucas Sherles,2025-05-27,18:42:28,-07:00,2025-05-27T18:42:28-07:00,0,0
meta/meta.js,103,js,b90199f5,Lucas Sherles,2025-05-27,18:42:28,-07:00,2025-05-27T18:42:28-07:00,0,41
meta/meta.js,104,js,b90199f5,Lucas Sherles,2025-05-27,18:42:28,-07:00,2025-05-27T18:42:28-07:00,0,42
meta/meta.js,105,js,b90199f5,Lucas Sherles,2025-05-27,18:42:28,-07:00,2025-05-27T18:42:28-07:00,0,41
meta/meta.js,106,js,b90199f5,Lucas Sherles,2025-05-27,18:42:28,-07:00,2025-05-27T18:42:28-07:00,0,0
meta/meta.js,107,js,b90199f5,Lucas Sherles,2025-05-27,18:42:28,-07:00,2025-05-27T18:42:28-07:00,0,52
meta/meta.js,108,js,b90199f5,Lucas Sherles,2025-05-27,18:42:28,-07:00,2025-05-27T18:42:28-07:00,0,40
meta/meta.js,109,js,b90199f5,Lucas Sherles,2025-05-27,18:42:28,-07:00,2025-05-27T18:42:28-07:00,0,0
meta/meta.js,110,js,b90199f5,Lucas Sherles,2025-05-27,18:42:28,-07:00,2025-05-27T18:42:28-07:00,0,30
meta/meta.js,111,js,b90199f5,Lucas Sherles,2025-05-27,18:42:28,-07:00,2025-05-27T18:42:28-07:00,0,4
meta/meta.js,112,js,b90199f5,Lucas Sherles,2025-05-27,18:42:28,-07:00,2025-05-27T18:42:28-07:00,0,27
meta/meta.js,113,js,b90199f5,Lucas Sherles,2025-05-27,18:42:28,-07:00,2025-05-27T18:42:28-07:00,0,10
meta/meta.js,114,js,b90199f5,Lucas Sherles,2025-05-27,18:42:28,-07:00,2025-05-27T18:42:28-07:00,0,1
meta/meta.js,115,js,b90199f5,Lucas Sherles,2025-05-27,18:42:28,-07:00,2025-05-27T18:42:28-07:00,0,52
meta/meta.js,116,js,b90199f5,Lucas Sherles,2025-05-27,18:42:28,-07:00,2025-05-27T18:42:28-07:00,0,43
meta/meta.js,117,js,b90199f5,Lucas Sherles,2025-05-27,18:42:28,-07:00,2025-05-27T18:42:28-07:00,0,0
meta/meta.js,118,js,b90199f5,Lucas Sherles,2025-05-27,18:42:28,-07:00,2025-05-27T18:42:28-07:00,0,53
meta/meta.js,119,js,b90199f5,Lucas Sherles,2025-05-27,18:42:28,-07:00,2025-05-27T18:42:28-07:00,0,52
meta/meta.js,120,js,b90199f5,Lucas Sherles,2025-05-27,18:42:28,-07:00,2025-05-27T18:42:28-07:00,0,0
meta/meta.js,121,js,b90199f5,Lucas Sherles,2025-05-27,18:42:28,-07:00,2025-05-27T18:42:28-07:00,0,0
meta/meta.js,122,js,b90199f5,Lucas Sherles,2025-05-27,18:42:28,-07:00,2025-05-27T18:42:28-07:00,0,0
meta/meta.js,123,js,b90199f5,Lucas Sherles,2025-05-27,18:42:28,-07:00,2025-05-27T18:42:28-07:00,0,0
meta/meta.js,124,js,b90199f5,Lucas Sherles,2025-05-27,18:42:28,-07:00,2025-05-27T18:42:28-07:00,0,42
meta/meta.js,125,js,b90199f5,Lucas Sherles,2025-05-27,18:42:28,-07:00,2025-05-27T18:42:28-07:00,0,18
meta/meta.js,126,js,b90199f5,Lucas Sherles,2025-05-27,18:42:28,-07:00,2025-05-27T18:42:28-07:00,0,18
meta/meta.js,127,js,b90199f5,Lucas Sherles,2025-05-27,18:42:28,-07:00,2025-05-27T18:42:28-07:00,0,59
meta/meta.js,128,js,b90199f5,Lucas Sherles,2025-05-27,18:42:28,-07:00,2025-05-27T18:42:28-07:00,0,0
meta/meta.js,129,js,b90199f5,Lucas Sherles,2025-05-27,18:42:28,-07:00,2025-05-27T18:42:28-07:00,0,19
meta/meta.js,130,js,b90199f5,Lucas Sherles,2025-05-27,18:42:28,-07:00,2025-05-27T18:42:28-07:00,0,15
meta/meta.js,131,js,b90199f5,Lucas Sherles,2025-05-27,18:42:28,-07:00,2025-05-27T18:42:28-07:00,0,27
meta/meta.js,132,js,b90199f5,Lucas Sherles,2025-05-27,18:42:28,-07:00,2025-05-27T18:42:28-07:00,0,30
meta/meta.js,133,js,b90199f5,Lucas Sherles,2025-05-27,18:42:28,-07:00,2025-05-27T18:42:28-07:00,0,17
meta/meta.js,134,js,b90199f5,Lucas Sherles,2025-05-27,18:42:28,-07:00,2025-05-27T18:42:28-07:00,0,41
meta/meta.js,135,js,b90199f5,Lucas Sherles,2025-05-27,18:42:28,-07:00,2025-05-27T18:42:28-07:00,0,43
meta/meta.js,136,js,b90199f5,Lucas Sherles,2025-05-27,18:42:28,-07:00,2025-05-27T18:42:28-07:00,0,1
meta/meta.js,137,js,b90199f5,Lucas Sherles,2025-05-27,18:42:28,-07:00,2025-05-27T18:42:28-07:00,0,0
meta/meta.js,138,js,b90199f5,Lucas Sherles,2025-05-27,18:42:28,-07:00,2025-05-27T18:42:28-07:00,0,12
meta/meta.js,139,js,b90199f5,Lucas Sherles,2025-05-27,18:42:28,-07:00,2025-05-27T18:42:28-07:00,0,13
meta/meta.js,140,js,b90199f5,Lucas Sherles,2025-05-27,18:42:28,-07:00,2025-05-27T18:42:28-07:00,0,16
meta/meta.js,141,js,b90199f5,Lucas Sherles,2025-05-27,18:42:28,-07:00,2025-05-27T18:42:28-07:00,0,13
meta/meta.js,142,js,b90199f5,Lucas Sherles,2025-05-27,18:42:28,-07:00,2025-05-27T18:42:28-07:00,0,41
meta/meta.js,143,js,b90199f5,Lucas Sherles,2025-05-27,18:42:28,-07:00,2025-05-27T18:42:28-07:00,0,29
meta/meta.js,144,js,b90199f5,Lucas Sherles,2025-05-27,18:42:28,-07:00,2025-05-27T18:42:28-07:00,0,0
meta/meta.js,145,js,b90199f5,Lucas Sherles,2025-05-27,18:42:28,-07:00,2025-05-27T18:42:28-07:00,0,8
meta/meta.js,146,js,b90199f5,Lucas Sherles,2025-05-27,18:42:28,-07:00,2025-05-27T18:42:28-07:00,0,10
meta/meta.js,147,js,b90199f5,Lucas Sherles,2025-05-27,18:42:28,-07:00,2025-05-27T18:42:28-07:00,0,11
meta/meta.js,148,js,b90199f5,Lucas Sherles,2025-05-27,18:42:28,-07:00,2025-05-27T18:42:28-07:00,0,43
meta/meta.js,149,js,b90199f5,Lucas Sherles,2025-05-27,18:42:28,-07:00,2025-05-27T18:42:28-07:00,0,42
meta/meta.js,150,js,b90199f5,Lucas Sherles,2025-05-27,18:42:28,-07:00,2025-05-27T18:42:28-07:00,0,7
meta/meta.js,151,js,b90199f5,Lucas Sherles,2025-05-27,18:42:28,-07:00,2025-05-27T18:42:28-07:00,0,0
meta/meta.js,152,js,b90199f5,Lucas Sherles,2025-05-27,18:42:28,-07:00,2025-05-27T18:42:28-07:00,0,10
meta/meta.js,153,js,b90199f5,Lucas Sherles,2025-05-27,18:42:28,-07:00,2025-05-27T18:42:28-07:00,0,13
meta/meta.js,154,js,b90199f5,Lucas Sherles,2025-05-27,18:42:28,-07:00,2025-05-27T18:42:28-07:00,0,15
meta/meta.js,155,js,b90199f5,Lucas Sherles,2025-05-27,18:42:28,-07:00,2025-05-27T18:42:28-07:00,0,43
meta/meta.js,156,js,b90199f5,Lucas Sherles,2025-05-27,18:42:28,-07:00,2025-05-27T18:42:28-07:00,0,0
meta/meta.js,157,js,b90199f5,Lucas Sherles,2025-05-27,18:42:28,-07:00,2025-05-27T18:42:28-07:00,0,31
meta/meta.js,158,js,b90199f5,Lucas Sherles,2025-05-27,18:42:28,-07:00,2025-05-27T18:42:28-07:00,0,20
meta/meta.js,159,js,b90199f5,Lucas Sherles,2025-05-27,18:42:28,-07:00,2025-05-27T18:42:28-07:00,0,11
meta/meta.js,160,js,b90199f5,Lucas Sherles,2025-05-27,18:42:28,-07:00,2025-05-27T18:42:28-07:00,0,26
meta/meta.js,161,js,b90199f5,Lucas Sherles,2025-05-27,18:42:28,-07:00,2025-05-27T18:42:28-07:00,0,54
meta/meta.js,162,js,b90199f5,Lucas Sherles,2025-05-27,18:42:28,-07:00,2025-05-27T18:42:28-07:00,0,0
meta/meta.js,163,js,b90199f5,Lucas Sherles,2025-05-27,18:42:28,-07:00,2025-05-27T18:42:28-07:00,0,14
meta/meta.js,164,js,b90199f5,Lucas Sherles,2025-05-27,18:42:28,-07:00,2025-05-27T18:42:28-07:00,0,61
meta/meta.js,165,js,b90199f5,Lucas Sherles,2025-05-27,18:42:28,-07:00,2025-05-27T18:42:28-07:00,0,1
meta/meta.js,166,js,b90199f5,Lucas Sherles,2025-05-27,18:42:28,-07:00,2025-05-27T18:42:28-07:00,0,0
meta/meta.js,167,js,b90199f5,Lucas Sherles,2025-05-27,18:42:28,-07:00,2025-05-27T18:42:28-07:00,0,6
meta/meta.js,168,js,b90199f5,Lucas Sherles,2025-05-27,18:42:28,-07:00,2025-05-27T18:42:28-07:00,0,35
meta/meta.js,169,js,b90199f5,Lucas Sherles,2025-05-27,18:42:28,-07:00,2025-05-27T18:42:28-07:00,0,15
meta/meta.js,170,js,b90199f5,Lucas Sherles,2025-05-27,18:42:28,-07:00,2025-05-27T18:42:28-07:00,0,16
meta/meta.js,171,js,b90199f5,Lucas Sherles,2025-05-27,18:42:28,-07:00,2025-05-27T18:42:28-07:00,0,57
meta/meta.js,172,js,b90199f5,Lucas Sherles,2025-05-27,18:42:28,-07:00,2025-05-27T18:42:28-07:00,0,0
meta/meta.js,173,js,b90199f5,Lucas Sherles,2025-05-27,18:42:28,-07:00,2025-05-27T18:42:28-07:00,0,2
meta/meta.js,174,js,b90199f5,Lucas Sherles,2025-05-27,18:42:28,-07:00,2025-05-27T18:42:28-07:00,0,11
meta/meta.js,175,js,b90199f5,Lucas Sherles,2025-05-27,18:42:28,-07:00,2025-05-27T18:42:28-07:00,0,55
meta/meta.js,176,js,b90199f5,Lucas Sherles,2025-05-27,18:42:28,-07:00,2025-05-27T18:42:28-07:00,0,53
meta/meta.js,177,js,b90199f5,Lucas Sherles,2025-05-27,18:42:28,-07:00,2025-05-27T18:42:28-07:00,0,12
meta/meta.js,178,js,b90199f5,Lucas Sherles,2025-05-27,18:42:28,-07:00,2025-05-27T18:42:28-07:00,0,0
meta/meta.js,179,js,b90199f5,Lucas Sherles,2025-05-27,18:42:28,-07:00,2025-05-27T18:42:28-07:00,0,2
meta/meta.js,180,js,b90199f5,Lucas Sherles,2025-05-27,18:42:28,-07:00,2025-05-27T18:42:28-07:00,0,11
meta/meta.js,181,js,b90199f5,Lucas Sherles,2025-05-27,18:42:28,-07:00,2025-05-27T18:42:28-07:00,0,53
meta/meta.js,182,js,b90199f5,Lucas Sherles,2025-05-27,18:42:28,-07:00,2025-05-27T18:42:28-07:00,0,53
meta/meta.js,183,js,b90199f5,Lucas Sherles,2025-05-27,18:42:28,-07:00,2025-05-27T18:42:28-07:00,0,12
meta/meta.js,184,js,b90199f5,Lucas Sherles,2025-05-27,18:42:28,-07:00,2025-05-27T18:42:28-07:00,0,0
meta/meta.js,185,js,b90199f5,Lucas Sherles,2025-05-27,18:42:28,-07:00,2025-05-27T18:42:28-07:00,0,34
meta/meta.js,186,js,b90199f5,Lucas Sherles,2025-05-27,18:42:28,-07:00,2025-05-27T18:42:28-07:00,0,66
meta/meta.js,187,js,b90199f5,Lucas Sherles,2025-05-27,18:42:28,-07:00,2025-05-27T18:42:28-07:00,0,92
meta/meta.js,188,js,b90199f5,Lucas Sherles,2025-05-27,18:42:28,-07:00,2025-05-27T18:42:28-07:00,0,31
meta/meta.js,189,js,b90199f5,Lucas Sherles,2025-05-27,18:42:28,-07:00,2025-05-27T18:42:28-07:00,0,0
meta/meta.js,190,js,b90199f5,Lucas Sherles,2025-05-27,18:42:28,-07:00,2025-05-27T18:42:28-07:00,0,68
meta/meta.js,191,js,b90199f5,Lucas Sherles,2025-05-27,18:42:28,-07:00,2025-05-27T18:42:28-07:00,0,126
meta/meta.js,192,js,b90199f5,Lucas Sherles,2025-05-27,18:42:28,-07:00,2025-05-27T18:42:28-07:00,0,60
meta/meta.js,193,js,b90199f5,Lucas Sherles,2025-05-27,18:42:28,-07:00,2025-05-27T18:42:28-07:00,0,0
meta/meta.js,194,js,b90199f5,Lucas Sherles,2025-05-27,18:42:28,-07:00,2025-05-27T18:42:28-07:00,0,0
meta/meta.js,195,js,b90199f5,Lucas Sherles,2025-05-27,18:42:28,-07:00,2025-05-27T18:42:28-07:00,0,11
meta/meta.js,196,js,b90199f5,Lucas Sherles,2025-05-27,18:42:28,-07:00,2025-05-27T18:42:28-07:00,0,2
meta/meta.js,197,js,b90199f5,Lucas Sherles,2025-05-27,18:42:28,-07:00,2025-05-27T18:42:28-07:00,0,11
meta/meta.js,198,js,b90199f5,Lucas Sherles,2025-05-27,18:42:28,-07:00,2025-05-27T18:42:28-07:00,0,21
meta/meta.js,199,js,b90199f5,Lucas Sherles,2025-05-27,18:42:28,-07:00,2025-05-27T18:42:28-07:00,0,19
meta/meta.js,200,js,b90199f5,Lucas Sherles,2025-05-27,18:42:28,-07:00,2025-05-27T18:42:28-07:00,0,32
meta/meta.js,201,js,b90199f5,Lucas Sherles,2025-05-27,18:42:28,-07:00,2025-05-27T18:42:28-07:00,0,14
meta/meta.js,202,js,b90199f5,Lucas Sherles,2025-05-27,18:42:28,-07:00,2025-05-27T18:42:28-07:00,0,35
meta/meta.js,203,js,b90199f5,Lucas Sherles,2025-05-27,18:42:28,-07:00,2025-05-27T18:42:28-07:00,0,35
meta/meta.js,204,js,b90199f5,Lucas Sherles,2025-05-27,18:42:28,-07:00,2025-05-27T18:42:28-07:00,0,59
meta/meta.js,205,js,b90199f5,Lucas Sherles,2025-05-27,18:42:28,-07:00,2025-05-27T18:42:28-07:00,0,81
meta/meta.js,206,js,b90199f5,Lucas Sherles,2025-05-27,18:42:28,-07:00,2025-05-27T18:42:28-07:00,0,20
meta/meta.js,207,js,b90199f5,Lucas Sherles,2025-05-27,18:42:28,-07:00,2025-05-27T18:42:28-07:00,0,37
meta/meta.js,208,js,b90199f5,Lucas Sherles,2025-05-27,18:42:28,-07:00,2025-05-27T18:42:28-07:00,0,68
meta/meta.js,209,js,b90199f5,Lucas Sherles,2025-05-27,18:42:28,-07:00,2025-05-27T18:42:28-07:00,0,28
meta/meta.js,210,js,b90199f5,Lucas Sherles,2025-05-27,18:42:28,-07:00,2025-05-27T18:42:28-07:00,0,29
meta/meta.js,211,js,b90199f5,Lucas Sherles,2025-05-27,18:42:28,-07:00,2025-05-27T18:42:28-07:00,0,28
meta/meta.js,212,js,b90199f5,Lucas Sherles,2025-05-27,18:42:28,-07:00,2025-05-27T18:42:28-07:00,0,1
meta/meta.js,213,js,b90199f5,Lucas Sherles,2025-05-27,18:42:28,-07:00,2025-05-27T18:42:28-07:00,0,38
meta/meta.js,214,js,b90199f5,Lucas Sherles,2025-05-27,18:42:28,-07:00,2025-05-27T18:42:28-07:00,0,24
meta/meta.js,215,js,b90199f5,Lucas Sherles,2025-05-27,18:42:28,-07:00,2025-05-27T18:42:28-07:00,0,30
meta/meta.js,216,js,b90199f5,Lucas Sherles,2025-05-27,18:42:28,-07:00,2025-05-27T18:42:28-07:00,0,2
meta/meta.js,217,js,b90199f5,Lucas Sherles,2025-05-27,18:42:28,-07:00,2025-05-27T18:42:28-07:00,0,24
meta/meta.js,218,js,b90199f5,Lucas Sherles,2025-05-27,18:42:28,-07:00,2025-05-27T18:42:28-07:00,0,0
meta/meta.js,219,js,b90199f5,Lucas Sherles,2025-05-27,18:42:28,-07:00,2025-05-27T18:42:28-07:00,0,0
meta/meta.js,220,js,b90199f5,Lucas Sherles,2025-05-27,18:42:28,-07:00,2025-05-27T18:42:28-07:00,0,42
meta/meta.js,221,js,b90199f5,Lucas Sherles,2025-05-27,18:42:28,-07:00,2025-05-27T18:42:28-07:00,0,18
meta/meta.js,222,js,b90199f5,Lucas Sherles,2025-05-27,18:42:28,-07:00,2025-05-27T18:42:28-07:00,0,18
meta/meta.js,223,js,b90199f5,Lucas Sherles,2025-05-27,18:42:28,-07:00,2025-05-27T18:42:28-07:00,0,59
meta/meta.js,224,js,b90199f5,Lucas Sherles,2025-05-27,18:42:28,-07:00,2025-05-27T18:42:28-07:00,0,19
meta/meta.js,225,js,b90199f5,Lucas Sherles,2025-05-27,18:42:28,-07:00,2025-05-27T18:42:28-07:00,0,15
meta/meta.js,226,js,b90199f5,Lucas Sherles,2025-05-27,18:42:28,-07:00,2025-05-27T18:42:28-07:00,0,27
meta/meta.js,227,js,b90199f5,Lucas Sherles,2025-05-27,18:42:28,-07:00,2025-05-27T18:42:28-07:00,0,30
meta/meta.js,228,js,b90199f5,Lucas Sherles,2025-05-27,18:42:28,-07:00,2025-05-27T18:42:28-07:00,0,17
meta/meta.js,229,js,b90199f5,Lucas Sherles,2025-05-27,18:42:28,-07:00,2025-05-27T18:42:28-07:00,0,41
meta/meta.js,230,js,b90199f5,Lucas Sherles,2025-05-27,18:42:28,-07:00,2025-05-27T18:42:28-07:00,0,43
meta/meta.js,231,js,b90199f5,Lucas Sherles,2025-05-27,18:42:28,-07:00,2025-05-27T18:42:28-07:00,0,1
meta/meta.js,232,js,b90199f5,Lucas Sherles,2025-05-27,18:42:28,-07:00,2025-05-27T18:42:28-07:00,0,0
meta/meta.js,233,js,b90199f5,Lucas Sherles,2025-05-27,18:42:28,-07:00,2025-05-27T18:42:28-07:00,0,45
meta/meta.js,234,js,b90199f5,Lucas Sherles,2025-05-27,18:42:28,-07:00,2025-05-27T18:42:28-07:00,0,0
meta/meta.js,235,js,b90199f5,Lucas Sherles,2025-05-27,18:42:28,-07:00,2025-05-27T18:42:28-07:00,0,61
meta/meta.js,236,js,b90199f5,Lucas Sherles,2025-05-27,18:42:28,-07:00,2025-05-27T18:42:28-07:00,0,0
meta/meta.js,237,js,b90199f5,Lucas Sherles,2025-05-27,18:42:28,-07:00,2025-05-27T18:42:28-07:00,0,68
meta/meta.js,238,js,b90199f5,Lucas Sherles,2025-05-27,18:42:28,-07:00,2025-05-27T18:42:28-07:00,0,73
meta/meta.js,239,js,b90199f5,Lucas Sherles,2025-05-27,18:42:28,-07:00,2025-05-27T18:42:28-07:00,0,0
meta/meta.js,240,js,b90199f5,Lucas Sherles,2025-05-27,18:42:28,-07:00,2025-05-27T18:42:28-07:00,0,35
meta/meta.js,241,js,b90199f5,Lucas Sherles,2025-05-27,18:42:28,-07:00,2025-05-27T18:42:28-07:00,0,0
meta/meta.js,242,js,b90199f5,Lucas Sherles,2025-05-27,18:42:28,-07:00,2025-05-27T18:42:28-07:00,0,75
meta/meta.js,243,js,b90199f5,Lucas Sherles,2025-05-27,18:42:28,-07:00,2025-05-27T18:42:28-07:00,0,41
meta/meta.js,244,js,b90199f5,Lucas Sherles,2025-05-27,18:42:28,-07:00,2025-05-27T18:42:28-07:00,0,34
meta/meta.js,245,js,b90199f5,Lucas Sherles,2025-05-27,18:42:28,-07:00,2025-05-27T18:42:28-07:00,0,22
meta/meta.js,246,js,b90199f5,Lucas Sherles,2025-05-27,18:42:28,-07:00,2025-05-27T18:42:28-07:00,0,0
meta/meta.js,247,js,b90199f5,Lucas Sherles,2025-05-27,18:42:28,-07:00,2025-05-27T18:42:28-07:00,0,33
meta/meta.js,248,js,b90199f5,Lucas Sherles,2025-05-27,18:42:28,-07:00,2025-05-27T18:42:28-07:00,0,0
meta/meta.js,249,js,b90199f5,Lucas Sherles,2025-05-27,18:42:28,-07:00,2025-05-27T18:42:28-07:00,0,34
meta/meta.js,250,js,b90199f5,Lucas Sherles,2025-05-27,18:42:28,-07:00,2025-05-27T18:42:28-07:00,0,66
meta/meta.js,251,js,b90199f5,Lucas Sherles,2025-05-27,18:42:28,-07:00,2025-05-27T18:42:28-07:00,0,92
meta/meta.js,252,js,b90199f5,Lucas Sherles,2025-05-27,18:42:28,-07:00,2025-05-27T18:42:28-07:00,0,31
meta/meta.js,253,js,b90199f5,Lucas Sherles,2025-05-27,18:42:28,-07:00,2025-05-27T18:42:28-07:00,0,60
meta/meta.js,254,js,b90199f5,Lucas Sherles,2025-05-27,18:42:28,-07:00,2025-05-27T18:42:28-07:00,0,3
meta/meta.js,255,js,b90199f5,Lucas Sherles,2025-05-27,18:42:28,-07:00,2025-05-27T18:42:28-07:00,0,19
meta/meta.js,256,js,b90199f5,Lucas Sherles,2025-05-27,18:42:28,-07:00,2025-05-27T18:42:28-07:00,0,32
meta/meta.js,257,js,b90199f5,Lucas Sherles,2025-05-27,18:42:28,-07:00,2025-05-27T18:42:28-07:00,0,14
meta/meta.js,258,js,b90199f5,Lucas Sherles,2025-05-27,18:42:28,-07:00,2025-05-27T18:42:28-07:00,0,37
meta/meta.js,259,js,b90199f5,Lucas Sherles,2025-05-27,18:42:28,-07:00,2025-05-27T18:42:28-07:00,0,37
meta/meta.js,260,js,b90199f5,Lucas Sherles,2025-05-27,18:42:28,-07:00,2025-05-27T18:42:28-07:00,0,38
meta/meta.js,261,js,b90199f5,Lucas Sherles,2025-05-27,18:42:28,-07:00,2025-05-27T18:42:28-07:00,0,81
meta/meta.js,262,js,b90199f5,Lucas Sherles,2025-05-27,18:42:28,-07:00,2025-05-27T18:42:28-07:00,0,67
meta/meta.js,263,js,b90199f5,Lucas Sherles,2025-05-27,18:42:28,-07:00,2025-05-27T18:42:28-07:00,0,37
meta/meta.js,264,js,b90199f5,Lucas Sherles,2025-05-27,18:42:28,-07:00,2025-05-27T18:42:28-07:00,0,80
meta/meta.js,265,js,b90199f5,Lucas Sherles,2025-05-27,18:42:28,-07:00,2025-05-27T18:42:28-07:00,0,28
meta/meta.js,266,js,b90199f5,Lucas Sherles,2025-05-27,18:42:28,-07:00,2025-05-27T18:42:28-07:00,0,29
meta/meta.js,267,js,b90199f5,Lucas Sherles,2025-05-27,18:42:28,-07:00,2025-05-27T18:42:28-07:00,0,28
meta/meta.js,268,js,b90199f5,Lucas Sherles,2025-05-27,18:42:28,-07:00,2025-05-27T18:42:28-07:00,0,1
meta/meta.js,269,js,b90199f5,Lucas Sherles,2025-05-27,18:42:28,-07:00,2025-05-27T18:42:28-07:00,0,29
meta/meta.js,270,js,b90199f5,Lucas Sherles,2025-05-27,18:42:28,-07:00,2025-05-27T18:42:28-07:00,0,57
meta/meta.js,271,js,b90199f5,Lucas Sherles,2025-05-27,18:42:28,-07:00,2025-05-27T18:42:28-07:00,0,30
meta/meta.js,272,js,b90199f5,Lucas Sherles,2025-05-27,18:42:28,-07:00,2025-05-27T18:42:28-07:00,0,2
meta/meta.js,273,js,b90199f5,Lucas Sherles,2025-05-27,18:42:28,-07:00,2025-05-27T18:42:28-07:00,0,0
meta/meta.js,274,js,b90199f5,Lucas Sherles,2025-05-27,18:42:28,-07:00,2025-05-27T18:42:28-07:00,0,0
meta/meta.js,275,js,b90199f5,Lucas Sherles,2025-05-27,18:42:28,-07:00,2025-05-27T18:42:28-07:00,0,0
meta/meta.js,276,js,b90199f5,Lucas Sherles,2025-05-27,18:42:28,-07:00,2025-05-27T18:42:28-07:00,0,0
meta/meta.js,277,js,b90199f5,Lucas Sherles,2025-05-27,18:42:28,-07:00,2025-05-27T18:42:28-07:00,0,38
meta/meta.js,278,js,b90199f5,Lucas Sherles,2025-05-27,18:42:28,-07:00,2025-05-27T18:42:28-07:00,0,51
meta/meta.js,279,js,b90199f5,Lucas Sherles,2025-05-27,18:42:28,-07:00,2025-05-27T18:42:28-07:00,0,51
meta/meta.js,280,js,b90199f5,Lucas Sherles,2025-05-27,18:42:28,-07:00,2025-05-27T18:42:28-07:00,0,0
meta/meta.js,281,js,b90199f5,Lucas Sherles,2025-05-27,18:42:28,-07:00,2025-05-27T18:42:28-07:00,0,44
meta/meta.js,282,js,b90199f5,Lucas Sherles,2025-05-27,18:42:28,-07:00,2025-05-27T18:42:28-07:00,0,0
meta/meta.js,283,js,b90199f5,Lucas Sherles,2025-05-27,18:42:28,-07:00,2025-05-27T18:42:28-07:00,0,22
meta/meta.js,284,js,b90199f5,Lucas Sherles,2025-05-27,18:42:28,-07:00,2025-05-27T18:42:28-07:00,0,28
meta/meta.js,285,js,b90199f5,Lucas Sherles,2025-05-27,18:42:28,-07:00,2025-05-27T18:42:28-07:00,0,57
meta/meta.js,286,js,b90199f5,Lucas Sherles,2025-05-27,18:42:28,-07:00,2025-05-27T18:42:28-07:00,0,17
meta/meta.js,287,js,b90199f5,Lucas Sherles,2025-05-27,18:42:28,-07:00,2025-05-27T18:42:28-07:00,0,2
meta/meta.js,288,js,b90199f5,Lucas Sherles,2025-05-27,18:42:28,-07:00,2025-05-27T18:42:28-07:00,0,0
meta/meta.js,289,js,b90199f5,Lucas Sherles,2025-05-27,18:42:28,-07:00,2025-05-27T18:42:28-07:00,0,0
meta/meta.js,290,js,b90199f5,Lucas Sherles,2025-05-27,18:42:28,-07:00,2025-05-27T18:42:28-07:00,0,44
meta/meta.js,291,js,b90199f5,Lucas Sherles,2025-05-27,18:42:28,-07:00,2025-05-27T18:42:28-07:00,0,57
meta/meta.js,292,js,b90199f5,Lucas Sherles,2025-05-27,18:42:28,-07:00,2025-05-27T18:42:28-07:00,0,27
meta/meta.js,293,js,b90199f5,Lucas Sherles,2025-05-27,18:42:28,-07:00,2025-05-27T18:42:28-07:00,0,0
meta/meta.js,294,js,b90199f5,Lucas Sherles,2025-05-27,18:42:28,-07:00,2025-05-27T18:42:28-07:00,0,0
meta/meta.js,295,js,b90199f5,Lucas Sherles,2025-05-27,18:42:28,-07:00,2025-05-27T18:42:28-07:00,0,38
meta/meta.js,296,js,b90199f5,Lucas Sherles,2025-05-27,18:42:28,-07:00,2025-05-27T18:42:28-07:00,0,57
meta/meta.js,297,js,b90199f5,Lucas Sherles,2025-05-27,18:42:28,-07:00,2025-05-27T18:42:28-07:00,0,41
meta/meta.js,298,js,b90199f5,Lucas Sherles,2025-05-27,18:42:28,-07:00,2025-05-27T18:42:28-07:00,0,40
meta/meta.js,299,js,b90199f5,Lucas Sherles,2025-05-27,18:42:28,-07:00,2025-05-27T18:42:28-07:00,0,0
meta/meta.js,300,js,b90199f5,Lucas Sherles,2025-05-27,18:42:28,-07:00,2025-05-27T18:42:28-07:00,0,0
meta/meta.js,301,js,b90199f5,Lucas Sherles,2025-05-27,18:42:28,-07:00,2025-05-27T18:42:28-07:00,0,34
meta/meta.js,302,js,b90199f5,Lucas Sherles,2025-05-27,18:42:28,-07:00,2025-05-27T18:42:28-07:00,0,23
meta/meta.js,303,js,b90199f5,Lucas Sherles,2025-05-27,18:42:28,-07:00,2025-05-27T18:42:28-07:00,0,31
meta/meta.js,304,js,b90199f5,Lucas Sherles,2025-05-27,18:42:28,-07:00,2025-05-27T18:42:28-07:00,0,0
meta/meta.js,305,js,b90199f5,Lucas Sherles,2025-05-27,18:42:28,-07:00,2025-05-27T18:42:28-07:00,0,15
meta/meta.js,306,js,b90199f5,Lucas Sherles,2025-05-27,18:42:28,-07:00,2025-05-27T18:42:28-07:00,0,44
meta/meta.js,307,js,b90199f5,Lucas Sherles,2025-05-27,18:42:28,-07:00,2025-05-27T18:42:28-07:00,0,0
meta/meta.js,308,js,b90199f5,Lucas Sherles,2025-05-27,18:42:28,-07:00,2025-05-27T18:42:28-07:00,0,0
meta/meta.js,309,js,b90199f5,Lucas Sherles,2025-05-27,18:42:28,-07:00,2025-05-27T18:42:28-07:00,0,0
meta/meta.js,310,js,b90199f5,Lucas Sherles,2025-05-27,18:42:28,-07:00,2025-05-27T18:42:28-07:00,0,24
meta/meta.js,311,js,b90199f5,Lucas Sherles,2025-05-27,18:42:28,-07:00,2025-05-27T18:42:28-07:00,0,33
meta/meta.js,312,js,b90199f5,Lucas Sherles,2025-05-27,18:42:28,-07:00,2025-05-27T18:42:28-07:00,0,48
meta/meta.js,313,js,b90199f5,Lucas Sherles,2025-05-27,18:42:28,-07:00,2025-05-27T18:42:28-07:00,0,30
meta/meta.js,314,js,b90199f5,Lucas Sherles,2025-05-27,18:42:28,-07:00,2025-05-27T18:42:28-07:00,0,1
meta/meta.js,315,js,b90199f5,Lucas Sherles,2025-05-27,18:42:28,-07:00,2025-05-27T18:42:28-07:00,0,31
meta/meta.js,316,js,b90199f5,Lucas Sherles,2025-05-27,18:42:28,-07:00,2025-05-27T18:42:28-07:00,0,34
meta/meta.js,317,js,b90199f5,Lucas Sherles,2025-05-27,18:42:28,-07:00,2025-05-27T18:42:28-07:00,0,0
meta/meta.js,318,js,b90199f5,Lucas Sherles,2025-05-27,18:42:28,-07:00,2025-05-27T18:42:28-07:00,0,0
meta/meta.js,319,js,b90199f5,Lucas Sherles,2025-05-27,18:42:28,-07:00,2025-05-27T18:42:28-07:00,0,45
meta/meta.js,320,js,b90199f5,Lucas Sherles,2025-05-27,18:42:28,-07:00,2025-05-27T18:42:28-07:00,0,28
meta/meta.js,321,js,b90199f5,Lucas Sherles,2025-05-27,18:42:28,-07:00,2025-05-27T18:42:28-07:00,0,0
meta/meta.js,322,js,b90199f5,Lucas Sherles,2025-05-27,18:42:28,-07:00,2025-05-27T18:42:28-07:00,0,38
meta/meta.js,323,js,b90199f5,Lucas Sherles,2025-05-27,18:42:28,-07:00,2025-05-27T18:42:28-07:00,0,33
meta/meta.js,324,js,b90199f5,Lucas Sherles,2025-05-27,18:42:28,-07:00,2025-05-27T18:42:28-07:00,0,33
meta/meta.js,325,js,b90199f5,Lucas Sherles,2025-05-27,18:42:28,-07:00,2025-05-27T18:42:28-07:00,0,0
meta/meta.js,326,js,b90199f5,Lucas Sherles,2025-05-27,18:42:28,-07:00,2025-05-27T18:42:28-07:00,0,47
meta/meta.js,327,js,b90199f5,Lucas Sherles,2025-05-27,18:42:28,-07:00,2025-05-27T18:42:28-07:00,0,0
meta/meta.js,328,js,b90199f5,Lucas Sherles,2025-05-27,18:42:28,-07:00,2025-05-27T18:42:28-07:00,0,0
meta/meta.js,329,js,b90199f5,Lucas Sherles,2025-05-27,18:42:28,-07:00,2025-05-27T18:42:28-07:00,0,41
meta/meta.js,330,js,b90199f5,Lucas Sherles,2025-05-27,18:42:28,-07:00,2025-05-27T18:42:28-07:00,0,32
meta/meta.js,331,js,b90199f5,Lucas Sherles,2025-05-27,18:42:28,-07:00,2025-05-27T18:42:28-07:00,0,54
meta/meta.js,332,js,b90199f5,Lucas Sherles,2025-05-27,18:42:28,-07:00,2025-05-27T18:42:28-07:00,0,4
meta/meta.js,333,js,b90199f5,Lucas Sherles,2025-05-27,18:42:28,-07:00,2025-05-27T18:42:28-07:00,0,0
meta/meta.js,334,js,b90199f5,Lucas Sherles,2025-05-27,18:42:28,-07:00,2025-05-27T18:42:28-07:00,0,63
meta/meta.js,335,js,b90199f5,Lucas Sherles,2025-05-27,18:42:28,-07:00,2025-05-27T18:42:28-07:00,0,29
meta/meta.js,336,js,b90199f5,Lucas Sherles,2025-05-27,18:42:28,-07:00,2025-05-27T18:42:28-07:00,0,29
meta/meta.js,337,js,b90199f5,Lucas Sherles,2025-05-27,18:42:28,-07:00,2025-05-27T18:42:28-07:00,0,19
meta/meta.js,338,js,b90199f5,Lucas Sherles,2025-05-27,18:42:28,-07:00,2025-05-27T18:42:28-07:00,0,0
meta/meta.js,339,js,b90199f5,Lucas Sherles,2025-05-27,18:42:28,-07:00,2025-05-27T18:42:28-07:00,0,22
meta/meta.js,340,js,b90199f5,Lucas Sherles,2025-05-27,18:42:28,-07:00,2025-05-27T18:42:28-07:00,0,0
meta/meta.js,341,js,b90199f5,Lucas Sherles,2025-05-27,18:42:28,-07:00,2025-05-27T18:42:28-07:00,0,0
meta/meta.js,342,js,b90199f5,Lucas Sherles,2025-05-27,18:42:28,-07:00,2025-05-27T18:42:28-07:00,0,44
meta/meta.js,343,js,b90199f5,Lucas Sherles,2025-05-27,18:42:28,-07:00,2025-05-27T18:42:28-07:00,0,32
meta/meta.js,344,js,b90199f5,Lucas Sherles,2025-05-27,18:42:28,-07:00,2025-05-27T18:42:28-07:00,0,54
meta/meta.js,345,js,b90199f5,Lucas Sherles,2025-05-27,18:42:28,-07:00,2025-05-27T18:42:28-07:00,0,4
meta/meta.js,346,js,b90199f5,Lucas Sherles,2025-05-27,18:42:28,-07:00,2025-05-27T18:42:28-07:00,0,63
meta/meta.js,347,js,b90199f5,Lucas Sherles,2025-05-27,18:42:28,-07:00,2025-05-27T18:42:28-07:00,0,0
meta/meta.js,348,js,b90199f5,Lucas Sherles,2025-05-27,18:42:28,-07:00,2025-05-27T18:42:28-07:00,0,34
meta/meta.js,349,js,b90199f5,Lucas Sherles,2025-05-27,18:42:28,-07:00,2025-05-27T18:42:28-07:00,0,24
meta/meta.js,350,js,b90199f5,Lucas Sherles,2025-05-27,18:42:28,-07:00,2025-05-27T18:42:28-07:00,0,6
meta/meta.js,351,js,b90199f5,Lucas Sherles,2025-05-27,18:42:28,-07:00,2025-05-27T18:42:28-07:00,0,0
meta/meta.js,352,js,b90199f5,Lucas Sherles,2025-05-27,18:42:28,-07:00,2025-05-27T18:42:28-07:00,0,74
meta/meta.js,353,js,b90199f5,Lucas Sherles,2025-05-27,18:42:28,-07:00,2025-05-27T18:42:28-07:00,0,53
meta/meta.js,354,js,b90199f5,Lucas Sherles,2025-05-27,18:42:28,-07:00,2025-05-27T18:42:28-07:00,0,0
meta/meta.js,355,js,b90199f5,Lucas Sherles,2025-05-27,18:42:28,-07:00,2025-05-27T18:42:28-07:00,0,43
meta/meta.js,356,js,b90199f5,Lucas Sherles,2025-05-27,18:42:28,-07:00,2025-05-27T18:42:28-07:00,0,27
meta/meta.js,357,js,b90199f5,Lucas Sherles,2025-05-27,18:42:28,-07:00,2025-05-27T18:42:28-07:00,0,5
meta/meta.js,358,js,b90199f5,Lucas Sherles,2025-05-27,18:42:28,-07:00,2025-05-27T18:42:28-07:00,0,15
meta/meta.js,359,js,b90199f5,Lucas Sherles,2025-05-27,18:42:28,-07:00,2025-05-27T18:42:28-07:00,0,13
meta/meta.js,360,js,b90199f5,Lucas Sherles,2025-05-27,18:42:28,-07:00,2025-05-27T18:42:28-07:00,0,1
meta/meta.js,361,js,b90199f5,Lucas Sherles,2025-05-27,18:42:28,-07:00,2025-05-27T18:42:28-07:00,0,0
meta/meta.js,362,js,b90199f5,Lucas Sherles,2025-05-27,18:42:28,-07:00,2025-05-27T18:42:28-07:00,0,27
meta/meta.js,363,js,b90199f5,Lucas Sherles,2025-05-27,18:42:28,-07:00,2025-05-27T18:42:28-07:00,0,24
meta/meta.js,364,js,b90199f5,Lucas Sherles,2025-05-27,18:42:28,-07:00,2025-05-27T18:42:28-07:00,0,0
meta/meta.js,365,js,b90199f5,Lucas Sherles,2025-05-27,18:42:28,-07:00,2025-05-27T18:42:28-07:00,0,43
meta/meta.js,366,js,b90199f5,Lucas Sherles,2025-05-27,18:42:28,-07:00,2025-05-27T18:42:28-07:00,0,39
meta/meta.js,367,js,b90199f5,Lucas Sherles,2025-05-27,18:42:28,-07:00,2025-05-27T18:42:28-07:00,0,47
meta/meta.js,368,js,b90199f5,Lucas Sherles,2025-05-27,18:42:28,-07:00,2025-05-27T18:42:28-07:00,0,0
meta/meta.js,369,js,b90199f5,Lucas Sherles,2025-05-27,18:42:28,-07:00,2025-05-27T18:42:28-07:00,0,23
meta/meta.js,370,js,b90199f5,Lucas Sherles,2025-05-27,18:42:28,-07:00,2025-05-27T18:42:28-07:00,0,19
meta/meta.js,371,js,b90199f5,Lucas Sherles,2025-05-27,18:42:28,-07:00,2025-05-27T18:42:28-07:00,0,37
meta/meta.js,372,js,b90199f5,Lucas Sherles,2025-05-27,18:42:28,-07:00,2025-05-27T18:42:28-07:00,0,1
meta/meta.js,373,js,b90199f5,Lucas Sherles,2025-05-27,18:42:28,-07:00,2025-05-27T18:42:28-07:00,0,0
meta/meta.js,374,js,b90199f5,Lucas Sherles,2025-05-27,18:42:28,-07:00,2025-05-27T18:42:28-07:00,0,0
meta/meta.js,375,js,b90199f5,Lucas Sherles,2025-05-27,18:42:28,-07:00,2025-05-27T18:42:28-07:00,0,0
meta/meta.js,376,js,b90199f5,Lucas Sherles,2025-05-27,18:42:28,-07:00,2025-05-27T18:42:28-07:00,0,61
meta/meta.js,377,js,b90199f5,Lucas Sherles,2025-05-27,18:42:28,-07:00,2025-05-27T18:42:28-07:00,0,72
meta/meta.js,378,js,b90199f5,Lucas Sherles,2025-05-27,18:42:28,-07:00,2025-05-27T18:42:28-07:00,0,0
meta/meta.js,379,js,b90199f5,Lucas Sherles,2025-05-27,18:42:28,-07:00,2025-05-27T18:42:28-07:00,0,0
meta/meta.js,380,js,b90199f5,Lucas Sherles,2025-05-27,18:42:28,-07:00,2025-05-27T18:42:28-07:00,0,44
meta/meta.js,381,js,b90199f5,Lucas Sherles,2025-05-27,18:42:28,-07:00,2025-05-27T18:42:28-07:00,0,35
meta/meta.js,382,js,b90199f5,Lucas Sherles,2025-05-27,18:42:28,-07:00,2025-05-27T18:42:28-07:00,0,49
meta/meta.js,383,js,b90199f5,Lucas Sherles,2025-05-27,18:42:28,-07:00,2025-05-27T18:42:28-07:00,0,0
meta/meta.js,384,js,b90199f5,Lucas Sherles,2025-05-27,18:42:28,-07:00,2025-05-27T18:42:28-07:00,0,20
meta/meta.js,385,js,b90199f5,Lucas Sherles,2025-05-27,18:42:28,-07:00,2025-05-27T18:42:28-07:00,0,13
meta/meta.js,386,js,b90199f5,Lucas Sherles,2025-05-27,18:42:28,-07:00,2025-05-27T18:42:28-07:00,0,28
meta/meta.js,387,js,b90199f5,Lucas Sherles,2025-05-27,18:42:28,-07:00,2025-05-27T18:42:28-07:00,0,24
meta/meta.js,388,js,b90199f5,Lucas Sherles,2025-05-27,18:42:28,-07:00,2025-05-27T18:42:28-07:00,0,22
meta/meta.js,389,js,b90199f5,Lucas Sherles,2025-05-27,18:42:28,-07:00,2025-05-27T18:42:28-07:00,0,1
meta/meta.js,390,js,b90199f5,Lucas Sherles,2025-05-27,18:42:28,-07:00,2025-05-27T18:42:28-07:00,0,48
meta/meta.js,391,js,b90199f5,Lucas Sherles,2025-05-27,18:42:28,-07:00,2025-05-27T18:42:28-07:00,0,0
meta/meta.js,392,js,b90199f5,Lucas Sherles,2025-05-27,18:42:28,-07:00,2025-05-27T18:42:28-07:00,0,22
meta/meta.js,393,js,b90199f5,Lucas Sherles,2025-05-27,18:42:28,-07:00,2025-05-27T18:42:28-07:00,0,22
meta/meta.js,394,js,b90199f5,Lucas Sherles,2025-05-27,18:42:28,-07:00,2025-05-27T18:42:28-07:00,0,16
meta/meta.js,395,js,b90199f5,Lucas Sherles,2025-05-27,18:42:28,-07:00,2025-05-27T18:42:28-07:00,0,16
meta/meta.js,396,js,b90199f5,Lucas Sherles,2025-05-27,18:42:28,-07:00,2025-05-27T18:42:28-07:00,0,24
meta/meta.js,397,js,b90199f5,Lucas Sherles,2025-05-27,18:42:28,-07:00,2025-05-27T18:42:28-07:00,0,5
meta/meta.js,398,js,b90199f5,Lucas Sherles,2025-05-27,18:42:28,-07:00,2025-05-27T18:42:28-07:00,0,41
meta/meta.js,399,js,b90199f5,Lucas Sherles,2025-05-27,18:42:28,-07:00,2025-05-27T18:42:28-07:00,0,16
meta/meta.js,400,js,b90199f5,Lucas Sherles,2025-05-27,18:42:28,-07:00,2025-05-27T18:42:28-07:00,0,16
meta/meta.js,401,js,b90199f5,Lucas Sherles,2025-05-27,18:42:28,-07:00,2025-05-27T18:42:28-07:00,0,2
meta/meta.js,402,js,b90199f5,Lucas Sherles,2025-05-27,18:42:28,-07:00,2025-05-27T18:42:28-07:00,0,16
meta/meta.js,403,js,b90199f5,Lucas Sherles,2025-05-27,18:42:28,-07:00,2025-05-27T18:42:28-07:00,0,20
meta/meta.js,404,js,b90199f5,Lucas Sherles,2025-05-27,18:42:28,-07:00,2025-05-27T18:42:28-07:00,0,1
meta/meta.js,405,js,b90199f5,Lucas Sherles,2025-05-27,18:42:28,-07:00,2025-05-27T18:42:28-07:00,0,0
meta/meta.js,406,js,b90199f5,Lucas Sherles,2025-05-27,18:42:28,-07:00,2025-05-27T18:42:28-07:00,0,32
meta/meta.js,407,js,b90199f5,Lucas Sherles,2025-05-27,18:42:28,-07:00,2025-05-27T18:42:28-07:00,0,26
meta/meta.js,408,js,b90199f5,Lucas Sherles,2025-05-27,18:42:28,-07:00,2025-05-27T18:42:28-07:00,0,74
meta/meta.js,409,js,b90199f5,Lucas Sherles,2025-05-27,18:42:28,-07:00,2025-05-27T18:42:28-07:00,0,0
meta/meta.js,410,js,b90199f5,Lucas Sherles,2025-05-27,18:42:28,-07:00,2025-05-27T18:42:28-07:00,0,48
meta/meta.js,411,js,b90199f5,Lucas Sherles,2025-05-27,18:42:28,-07:00,2025-05-27T18:42:28-07:00,0,0
meta/meta.js,412,js,b90199f5,Lucas Sherles,2025-05-27,18:42:28,-07:00,2025-05-27T18:42:28-07:00,0,28
meta/meta.js,413,js,b90199f5,Lucas Sherles,2025-05-27,18:42:28,-07:00,2025-05-27T18:42:28-07:00,0,26
meta/meta.js,414,js,b90199f5,Lucas Sherles,2025-05-27,18:42:28,-07:00,2025-05-27T18:42:28-07:00,0,16
meta/meta.js,415,js,b90199f5,Lucas Sherles,2025-05-27,18:42:28,-07:00,2025-05-27T18:42:28-07:00,0,18
meta/meta.js,416,js,b90199f5,Lucas Sherles,2025-05-27,18:42:28,-07:00,2025-05-27T18:42:28-07:00,0,11
meta/meta.js,417,js,b90199f5,Lucas Sherles,2025-05-27,18:42:28,-07:00,2025-05-27T18:42:28-07:00,0,20
meta/meta.js,418,js,b90199f5,Lucas Sherles,2025-05-27,18:42:28,-07:00,2025-05-27T18:42:28-07:00,0,51
meta/meta.js,419,js,b90199f5,Lucas Sherles,2025-05-27,18:42:28,-07:00,2025-05-27T18:42:28-07:00,0,0
meta/meta.js,420,js,b90199f5,Lucas Sherles,2025-05-27,18:42:28,-07:00,2025-05-27T18:42:28-07:00,0,0
meta/meta.js,421,js,b90199f5,Lucas Sherles,2025-05-27,18:42:28,-07:00,2025-05-27T18:42:28-07:00,0,0
meta/meta.js,422,js,b90199f5,Lucas Sherles,2025-05-27,18:42:28,-07:00,2025-05-27T18:42:28-07:00,0,0
meta/meta.js,423,js,b90199f5,Lucas Sherles,2025-05-27,18:42:28,-07:00,2025-05-27T18:42:28-07:00,0,0
meta/meta.js,424,js,b90199f5,Lucas Sherles,2025-05-27,18:42:28,-07:00,2025-05-27T18:42:28-07:00,0,31
meta/meta.js,425,js,b90199f5,Lucas Sherles,2025-05-27,18:42:28,-07:00,2025-05-27T18:42:28-07:00,0,63
meta/meta.js,426,js,b90199f5,Lucas Sherles,2025-05-27,18:42:28,-07:00,2025-05-27T18:42:28-07:00,0,33
meta/meta.js,427,js,b90199f5,Lucas Sherles,2025-05-27,18:42:28,-07:00,2025-05-27T18:42:28-07:00,0,0
meta/meta.js,428,js,b90199f5,Lucas Sherles,2025-05-27,18:42:28,-07:00,2025-05-27T18:42:28-07:00,0,39
meta/meta.js,429,js,b90199f5,Lucas Sherles,2025-05-27,18:42:28,-07:00,2025-05-27T18:42:28-07:00,0,41
meta/meta.js,430,js,b90199f5,Lucas Sherles,2025-05-27,18:42:28,-07:00,2025-05-27T18:42:28-07:00,0,35
meta/meta.js,431,js,b90199f5,Lucas Sherles,2025-05-27,18:42:28,-07:00,2025-05-27T18:42:28-07:00,0,0
meta/meta.js,432,js,b90199f5,Lucas Sherles,2025-05-27,18:42:28,-07:00,2025-05-27T18:42:28-07:00,0,48
meta/meta.js,433,js,b90199f5,Lucas Sherles,2025-05-27,18:42:28,-07:00,2025-05-27T18:42:28-07:00,0,20
meta/meta.js,434,js,b90199f5,Lucas Sherles,2025-05-27,18:42:28,-07:00,2025-05-27T18:42:28-07:00,0,0
meta/meta.js,435,js,b90199f5,Lucas Sherles,2025-05-27,18:42:28,-07:00,2025-05-27T18:42:28-07:00,0,0
meta/meta.js,436,js,b90199f5,Lucas Sherles,2025-05-27,18:42:28,-07:00,2025-05-27T18:42:28-07:00,0,0
meta/meta.js,437,js,b90199f5,Lucas Sherles,2025-05-27,18:42:28,-07:00,2025-05-27T18:42:28-07:00,0,0
meta/meta.js,438,js,b90199f5,Lucas Sherles,2025-05-27,18:42:28,-07:00,2025-05-27T18:42:28-07:00,0,0
meta/meta.js,439,js,b90199f5,Lucas Sherles,2025-05-27,18:42:28,-07:00,2025-05-27T18:42:28-07:00,0,30
meta/meta.js,440,js,b90199f5,Lucas Sherles,2025-05-27,18:42:28,-07:00,2025-05-27T18:42:28-07:00,0,18
meta/meta.js,441,js,b90199f5,Lucas Sherles,2025-05-27,18:42:28,-07:00,2025-05-27T18:42:28-07:00,0,36
meta/meta.js,442,js,b90199f5,Lucas Sherles,2025-05-27,18:42:28,-07:00,2025-05-27T18:42:28-07:00,0,0
meta/meta.js,443,js,b90199f5,Lucas Sherles,2025-05-27,18:42:28,-07:00,2025-05-27T18:42:28-07:00,0,54
meta/meta.js,444,js,b90199f5,Lucas Sherles,2025-05-27,18:42:28,-07:00,2025-05-27T18:42:28-07:00,0,48
meta/meta.js,445,js,b90199f5,Lucas Sherles,2025-05-27,18:42:28,-07:00,2025-05-27T18:42:28-07:00,0,0
meta/meta.js,446,js,b90199f5,Lucas Sherles,2025-05-27,18:42:28,-07:00,2025-05-27T18:42:28-07:00,0,25
meta/meta.js,447,js,b90199f5,Lucas Sherles,2025-05-27,18:42:28,-07:00,2025-05-27T18:42:28-07:00,0,62
meta/meta.js,448,js,b90199f5,Lucas Sherles,2025-05-27,18:42:28,-07:00,2025-05-27T18:42:28-07:00,0,0
meta/meta.js,449,js,b90199f5,Lucas Sherles,2025-05-27,18:42:28,-07:00,2025-05-27T18:42:28-07:00,0,28
meta/meta.js,450,js,b90199f5,Lucas Sherles,2025-05-27,18:42:28,-07:00,2025-05-27T18:42:28-07:00,0,68
meta/meta.js,451,js,b90199f5,Lucas Sherles,2025-05-27,18:42:28,-07:00,2025-05-27T18:42:28-07:00,0,0
meta/meta.js,452,js,b90199f5,Lucas Sherles,2025-05-27,18:42:28,-07:00,2025-05-27T18:42:28-07:00,0,37
meta/meta.js,453,js,b90199f5,Lucas Sherles,2025-05-27,18:42:28,-07:00,2025-05-27T18:42:28-07:00,0,69
meta/meta.js,454,js,b90199f5,Lucas Sherles,2025-05-27,18:42:28,-07:00,2025-05-27T18:42:28-07:00,0,0
meta/meta.js,455,js,b90199f5,Lucas Sherles,2025-05-27,18:42:28,-07:00,2025-05-27T18:42:28-07:00,0,20
meta/meta.js,456,js,b90199f5,Lucas Sherles,2025-05-27,18:42:28,-07:00,2025-05-27T18:42:28-07:00,0,40
meta/meta.js,457,js,b90199f5,Lucas Sherles,2025-05-27,18:42:28,-07:00,2025-05-27T18:42:28-07:00,0,0
meta/meta.js,458,js,b90199f5,Lucas Sherles,2025-05-27,18:42:28,-07:00,2025-05-27T18:42:28-07:00,0,53
meta/meta.js,459,js,b90199f5,Lucas Sherles,2025-05-27,18:42:28,-07:00,2025-05-27T18:42:28-07:00,0,48
meta/meta.js,460,js,b90199f5,Lucas Sherles,2025-05-27,18:42:28,-07:00,2025-05-27T18:42:28-07:00,0,0
meta/meta.js,461,js,b90199f5,Lucas Sherles,2025-05-27,18:42:28,-07:00,2025-05-27T18:42:28-07:00,0,21
meta/meta.js,462,js,b90199f5,Lucas Sherles,2025-05-27,18:42:28,-07:00,2025-05-27T18:42:28-07:00,0,34
meta/meta.js,463,js,b90199f5,Lucas Sherles,2025-05-27,18:42:28,-07:00,2025-05-27T18:42:28-07:00,0,0
meta/meta.js,464,js,b90199f5,Lucas Sherles,2025-05-27,18:42:28,-07:00,2025-05-27T18:42:28-07:00,0,0
meta/meta.js,465,js,b90199f5,Lucas Sherles,2025-05-27,18:42:28,-07:00,2025-05-27T18:42:28-07:00,0,0
meta/meta.js,466,js,b90199f5,Lucas Sherles,2025-05-27,18:42:28,-07:00,2025-05-27T18:42:28-07:00,0,23
meta/meta.js,467,js,b90199f5,Lucas Sherles,2025-05-27,18:42:28,-07:00,2025-05-27T18:42:28-07:00,0,58
meta/meta.js,468,js,b90199f5,Lucas Sherles,2025-05-27,18:42:28,-07:00,2025-05-27T18:42:28-07:00,0,0
meta/meta.js,469,js,b90199f5,Lucas Sherles,2025-05-27,18:42:28,-07:00,2025-05-27T18:42:28-07:00,0,46
meta/meta.js,470,js,b90199f5,Lucas Sherles,2025-05-27,18:42:28,-07:00,2025-05-27T18:42:28-07:00,0,20
meta/meta.js,471,js,b90199f5,Lucas Sherles,2025-05-27,18:42:28,-07:00,2025-05-27T18:42:28-07:00,0,0
meta/meta.js,472,js,b90199f5,Lucas Sherles,2025-05-27,18:42:28,-07:00,2025-05-27T18:42:28-07:00,0,26
meta/meta.js,473,js,b90199f5,Lucas Sherles,2025-05-27,18:42:28,-07:00,2025-05-27T18:42:28-07:00,0,18
meta/meta.js,474,js,b90199f5,Lucas Sherles,2025-05-27,18:42:28,-07:00,2025-05-27T18:42:28-07:00,0,13
meta/meta.js,475,js,b90199f5,Lucas Sherles,2025-05-27,18:42:28,-07:00,2025-05-27T18:42:28-07:00,0,11
meta/meta.js,476,js,b90199f5,Lucas Sherles,2025-05-27,18:42:28,-07:00,2025-05-27T18:42:28-07:00,0,21
meta/meta.js,477,js,b90199f5,Lucas Sherles,2025-05-27,18:42:28,-07:00,2025-05-27T18:42:28-07:00,0,5
meta/meta.js,478,js,b90199f5,Lucas Sherles,2025-05-27,18:42:28,-07:00,2025-05-27T18:42:28-07:00,0,10
meta/meta.js,479,js,b90199f5,Lucas Sherles,2025-05-27,18:42:28,-07:00,2025-05-27T18:42:28-07:00,2,37
meta/meta.js,480,js,b90199f5,Lucas Sherles,2025-05-27,18:42:28,-07:00,2025-05-27T18:42:28-07:00,0,17
meta/meta.js,481,js,b90199f5,Lucas Sherles,2025-05-27,18:42:28,-07:00,2025-05-27T18:42:28-07:00,0,18
meta/meta.js,482,js,b90199f5,Lucas Sherles,2025-05-27,18:42:28,-07:00,2025-05-27T18:42:28-07:00,0,3
meta/meta.js,483,js,b90199f5,Lucas Sherles,2025-05-27,18:42:28,-07:00,2025-05-27T18:42:28-07:00,2,43
meta/meta.js,484,js,b90199f5,Lucas Sherles,2025-05-27,18:42:28,-07:00,2025-05-27T18:42:28-07:00,0,73
meta/meta.js,485,js,b90199f5,Lucas Sherles,2025-05-27,18:42:28,-07:00,2025-05-27T18:42:28-07:00,0,5
meta/meta.js,486,js,b90199f5,Lucas Sherles,2025-05-27,18:42:28,-07:00,2025-05-27T18:42:28-07:00,2,39
meta/meta.js,487,js,b90199f5,Lucas Sherles,2025-05-27,18:42:28,-07:00,2025-05-27T18:42:28-07:00,0,10
meta/meta.js,488,js,b90199f5,Lucas Sherles,2025-05-27,18:42:28,-07:00,2025-05-27T18:42:28-07:00,0,7
meta/meta.js,489,js,b90199f5,Lucas Sherles,2025-05-27,18:42:28,-07:00,2025-05-27T18:42:28-07:00,0,15
meta/meta.js,490,js,b90199f5,Lucas Sherles,2025-05-27,18:42:28,-07:00,2025-05-27T18:42:28-07:00,0,13
meta/meta.js,491,js,b90199f5,Lucas Sherles,2025-05-27,18:42:28,-07:00,2025-05-27T18:42:28-07:00,0,7
meta/meta.js,492,js,b90199f5,Lucas Sherles,2025-05-27,18:42:28,-07:00,2025-05-27T18:42:28-07:00,0,7
meta/meta.js,493,js,b90199f5,Lucas Sherles,2025-05-27,18:42:28,-07:00,2025-05-27T18:42:28-07:00,2,66
meta/meta.js,494,js,b90199f5,Lucas Sherles,2025-05-27,18:42:28,-07:00,2025-05-27T18:42:28-07:00,1,1
meta/meta.js,495,js,b90199f5,Lucas Sherles,2025-05-27,18:42:28,-07:00,2025-05-27T18:42:28-07:00,0,1
meta/meta.js,496,js,b90199f5,Lucas Sherles,2025-05-27,18:42:28,-07:00,2025-05-27T18:42:28-07:00,0,0
meta/meta.js,497,js,b90199f5,Lucas Sherles,2025-05-27,18:42:28,-07:00,2025-05-27T18:42:28-07:00,0,0
meta/meta.js,498,js,b90199f5,Lucas Sherles,2025-05-27,18:42:28,-07:00,2025-05-27T18:42:28-07:00,0,28
meta/meta.js,499,js,b90199f5,Lucas Sherles,2025-05-27,18:42:28,-07:00,2025-05-27T18:42:28-07:00,0,7
meta/meta.js,500,js,b90199f5,Lucas Sherles,2025-05-27,18:42:28,-07:00,2025-05-27T18:42:28-07:00,0,7
meta/meta.js,501,js,b90199f5,Lucas Sherles,2025-05-27,18:42:28,-07:00,2025-05-27T18:42:28-07:00,0,23
meta/meta.js,502,js,b90199f5,Lucas Sherles,2025-05-27,18:42:28,-07:00,2025-05-27T18:42:28-07:00,0,24
meta/meta.js,503,js,b90199f5,Lucas Sherles,2025-05-27,18:42:28,-07:00,2025-05-27T18:42:28-07:00,0,1
meta/meta.js,504,js,b90199f5,Lucas Sherles,2025-05-27,18:42:28,-07:00,2025-05-27T18:42:28-07:00,0,25
meta/meta.js,505,js,b90199f5,Lucas Sherles,2025-05-27,18:42:28,-07:00,2025-05-27T18:42:28-07:00,0,0
meta/meta.js,506,js,b90199f5,Lucas Sherles,2025-05-27,18:42:28,-07:00,2025-05-27T18:42:28-07:00,0,0
meta/meta.js,507,js,b90199f5,Lucas Sherles,2025-05-27,18:42:28,-07:00,2025-05-27T18:42:28-07:00,0,0
meta/meta.js,508,js,b90199f5,Lucas Sherles,2025-05-27,18:42:28,-07:00,2025-05-27T18:42:28-07:00,0,32
meta/meta.js,509,js,b90199f5,Lucas Sherles,2025-05-27,18:42:28,-07:00,2025-05-27T18:42:28-07:00,0,56
meta/meta.js,510,js,b90199f5,Lucas Sherles,2025-05-27,18:42:28,-07:00,2025-05-27T18:42:28-07:00,0,33
meta/meta.js,511,js,b90199f5,Lucas Sherles,2025-05-27,18:42:28,-07:00,2025-05-27T18:42:28-07:00,0,0
meta/meta.js,512,js,b90199f5,Lucas Sherles,2025-05-27,18:42:28,-07:00,2025-05-27T18:42:28-07:00,0,51
meta/meta.js,513,js,b90199f5,Lucas Sherles,2025-05-27,18:42:28,-07:00,2025-05-27T18:42:28-07:00,0,41
meta/meta.js,514,js,b90199f5,Lucas Sherles,2025-05-27,18:42:28,-07:00,2025-05-27T18:42:28-07:00,0,35
meta/meta.js,515,js,b90199f5,Lucas Sherles,2025-05-27,18:42:28,-07:00,2025-05-27T18:42:28-07:00,0,0
meta/meta.js,516,js,b90199f5,Lucas Sherles,2025-05-27,18:42:28,-07:00,2025-05-27T18:42:28-07:00,0,30
meta/meta.js,517,js,b90199f5,Lucas Sherles,2025-05-27,18:42:28,-07:00,2025-05-27T18:42:28-07:00,0,20
meta/meta.js,518,js,b90199f5,Lucas Sherles,2025-05-27,18:42:28,-07:00,2025-05-27T18:42:28-07:00,0,0
meta/meta.js,519,js,b90199f5,Lucas Sherles,2025-05-27,18:42:28,-07:00,2025-05-27T18:42:28-07:00,0,0
meta/meta.js,520,js,b90199f5,Lucas Sherles,2025-05-27,18:42:28,-07:00,2025-05-27T18:42:28-07:00,0,0
meta/meta.js,521,js,b90199f5,Lucas Sherles,2025-05-27,18:42:28,-07:00,2025-05-27T18:42:28-07:00,0,0
meta/meta.js,522,js,b90199f5,Lucas Sherles,2025-05-27,18:42:28,-07:00,2025-05-27T18:42:28-07:00,0,36
meta/meta.js,523,js,b90199f5,Lucas Sherles,2025-05-27,18:42:28,-07:00,2025-05-27T18:42:28-07:00,0,35
meta/meta.js,524,js,b90199f5,Lucas Sherles,2025-05-27,18:42:28,-07:00,2025-05-27T18:42:28-07:00,0,18
meta/meta.js,525,js,b90199f5,Lucas Sherles,2025-05-27,18:42:28,-07:00,2025-05-27T18:42:28-07:00,0,13
meta/meta.js,526,js,b90199f5,Lucas Sherles,2025-05-27,18:42:28,-07:00,2025-05-27T18:42:28-07:00,0,11
meta/meta.js,527,js,b90199f5,Lucas Sherles,2025-05-27,18:42:28,-07:00,2025-05-27T18:42:28-07:00,0,21
meta/meta.js,528,js,b90199f5,Lucas Sherles,2025-05-27,18:42:28,-07:00,2025-05-27T18:42:28-07:00,0,70
meta/meta.js,529,js,b90199f5,Lucas Sherles,2025-05-27,18:42:28,-07:00,2025-05-27T18:42:28-07:00,0,0
meta/meta.js,530,js,b90199f5,Lucas Sherles,2025-05-27,18:42:28,-07:00,2025-05-27T18:42:28-07:00,0,29
meta/meta.js,531,js,b90199f5,Lucas Sherles,2025-05-27,18:42:28,-07:00,2025-05-27T18:42:28-07:00,0,0
meta/meta.js,532,js,b90199f5,Lucas Sherles,2025-05-27,18:42:28,-07:00,2025-05-27T18:42:28-07:00,0,8
meta/meta.js,533,js,b90199f5,Lucas Sherles,2025-05-27,18:42:28,-07:00,2025-05-27T18:42:28-07:00,0,7
meta/meta.js,534,js,b90199f5,Lucas Sherles,2025-05-27,18:42:28,-07:00,2025-05-27T18:42:28-07:00,0,23
meta/meta.js,535,js,b90199f5,Lucas Sherles,2025-05-27,18:42:28,-07:00,2025-05-27T18:42:28-07:00,0,24
meta/meta.js,536,js,b90199f5,Lucas Sherles,2025-05-27,18:42:28,-07:00,2025-05-27T18:42:28-07:00,0,1
meta/meta.js,537,js,b90199f5,Lucas Sherles,2025-05-27,18:42:28,-07:00,2025-05-27T18:42:28-07:00,0,47
meta/meta.js,538,js,b90199f5,Lucas Sherles,2025-05-27,18:42:28,-07:00,2025-05-27T18:42:28-07:00,0,0
meta/meta.js,539,js,b90199f5,Lucas Sherles,2025-05-27,18:42:28,-07:00,2025-05-27T18:42:28-07:00,0,0
meta/index.html,1,html,8b17e137,Lucas Sherles,2025-05-07,19:23:51,-07:00,2025-05-07T19:23:51-07:00,0,14
meta/index.html,2,html,8b17e137,Lucas Sherles,2025-05-07,19:23:51,-07:00,2025-05-07T19:23:51-07:00,0,15
meta/index.html,3,html,8b17e137,Lucas Sherles,2025-05-07,19:23:51,-07:00,2025-05-07T19:23:51-07:00,0,5
meta/index.html,4,html,b90199f5,Lucas Sherles,2025-05-27,18:42:28,-07:00,2025-05-27T18:42:28-07:00,0,23
meta/index.html,5,html,b90199f5,Lucas Sherles,2025-05-27,18:42:28,-07:00,2025-05-27T18:42:28-07:00,0,70
meta/index.html,6,html,b90199f5,Lucas Sherles,2025-05-27,18:42:28,-07:00,2025-05-27T18:42:28-07:00,0,18
meta/index.html,7,html,b90199f5,Lucas Sherles,2025-05-27,18:42:28,-07:00,2025-05-27T18:42:28-07:00,0,44
meta/index.html,8,html,b90199f5,Lucas Sherles,2025-05-27,18:42:28,-07:00,2025-05-27T18:42:28-07:00,0,49
meta/index.html,9,html,b90199f5,Lucas Sherles,2025-05-27,18:42:28,-07:00,2025-05-27T18:42:28-07:00,0,46
meta/index.html,10,html,8b17e137,Lucas Sherles,2025-05-07,19:23:51,-07:00,2025-05-07T19:23:51-07:00,0,6
meta/index.html,11,html,8b17e137,Lucas Sherles,2025-05-07,19:23:51,-07:00,2025-05-07T19:23:51-07:00,0,5
meta/index.html,12,html,b90199f5,Lucas Sherles,2025-05-27,18:42:28,-07:00,2025-05-27T18:42:28-07:00,0,26
meta/index.html,13,html,b90199f5,Lucas Sherles,2025-05-27,18:42:28,-07:00,2025-05-27T18:42:28-07:00,0,0
meta/index.html,14,html,b90199f5,Lucas Sherles,2025-05-27,18:42:28,-07:00,2025-05-27T18:42:28-07:00,0,41
meta/index.html,15,html,b90199f5,Lucas Sherles,2025-05-27,18:42:28,-07:00,2025-05-27T18:42:28-07:00,0,78
meta/index.html,16,html,b90199f5,Lucas Sherles,2025-05-27,18:42:28,-07:00,2025-05-27T18:42:28-07:00,0,71
meta/index.html,17,html,b90199f5,Lucas Sherles,2025-05-27,18:42:28,-07:00,2025-05-27T18:42:28-07:00,0,18
meta/index.html,18,html,b90199f5,Lucas Sherles,2025-05-27,18:42:28,-07:00,2025-05-27T18:42:28-07:00,0,7
meta/index.html,19,html,b90199f5,Lucas Sherles,2025-05-27,18:42:28,-07:00,2025-05-27T18:42:28-07:00,0,5
meta/index.html,20,html,b90199f5,Lucas Sherles,2025-05-27,18:42:28,-07:00,2025-05-27T18:42:28-07:00,0,17
meta/index.html,21,html,b90199f5,Lucas Sherles,2025-05-27,18:42:28,-07:00,2025-05-27T18:42:28-07:00,0,11
meta/index.html,22,html,b90199f5,Lucas Sherles,2025-05-27,18:42:28,-07:00,2025-05-27T18:42:28-07:00,0,6
meta/index.html,23,html,b90199f5,Lucas Sherles,2025-05-27,18:42:28,-07:00,2025-05-27T18:42:28-07:00,0,8
meta/index.html,24,html,b90199f5,Lucas Sherles,2025-05-27,18:42:28,-07:00,2025-05-27T18:42:28-07:00,0,10
meta/index.html,25,html,b90199f5,Lucas Sherles,2025-05-27,18:42:28,-07:00,2025-05-27T18:42:28-07:00,0,20
meta/index.html,26,html,b90199f5,Lucas Sherles,2025-05-27,18:42:28,-07:00,2025-05-27T18:42:28-07:00,0,1
meta/index.html,27,html,b90199f5,Lucas Sherles,2025-05-27,18:42:28,-07:00,2025-05-27T18:42:28-07:00,0,4
meta/index.html,28,html,b90199f5,Lucas Sherles,2025-05-27,18:42:28,-07:00,2025-05-27T18:42:28-07:00,0,23
meta/index.html,29,html,b90199f5,Lucas Sherles,2025-05-27,18:42:28,-07:00,2025-05-27T18:42:28-07:00,0,62
meta/index.html,30,html,b90199f5,Lucas Sherles,2025-05-27,18:42:28,-07:00,2025-05-27T18:42:28-07:00,0,0
meta/index.html,31,html,b90199f5,Lucas Sherles,2025-05-27,18:42:28,-07:00,2025-05-27T18:42:28-07:00,0,25
meta/index.html,32,html,b90199f5,Lucas Sherles,2025-05-27,18:42:28,-07:00,2025-05-27T18:42:28-07:00,0,6
meta/index.html,33,html,b90199f5,Lucas Sherles,2025-05-27,18:42:28,-07:00,2025-05-27T18:42:28-07:00,0,5
meta/index.html,34,html,b90199f5,Lucas Sherles,2025-05-27,18:42:28,-07:00,2025-05-27T18:42:28-07:00,0,0
meta/index.html,35,html,b90199f5,Lucas Sherles,2025-05-27,18:42:28,-07:00,2025-05-27T18:42:28-07:00,0,0
meta/index.html,36,html,b90199f5,Lucas Sherles,2025-05-27,18:42:28,-07:00,2025-05-27T18:42:28-07:00,0,0
meta/index.html,37,html,b90199f5,Lucas Sherles,2025-05-27,18:42:28,-07:00,2025-05-27T18:42:28-07:00,0,0
meta/index.html,38,html,b90199f5,Lucas Sherles,2025-05-27,18:42:28,-07:00,2025-05-27T18:42:28-07:00,0,21
meta/index.html,39,html,b90199f5,Lucas Sherles,2025-05-27,18:42:28,-07:00,2025-05-27T18:42:28-07:00,0,49
meta/index.html,40,html,b90199f5,Lucas Sherles,2025-05-27,18:42:28,-07:00,2025-05-27T18:42:28-07:00,0,0
meta/index.html,41,html,b90199f5,Lucas Sherles,2025-05-27,18:42:28,-07:00,2025-05-27T18:42:28-07:00,0,25
meta/index.html,42,html,b90199f5,Lucas Sherles,2025-05-27,18:42:28,-07:00,2025-05-27T18:42:28-07:00,0,19
meta/index.html,43,html,b90199f5,Lucas Sherles,2025-05-27,18:42:28,-07:00,2025-05-27T18:42:28-07:00,0,29
meta/index.html,44,html,b90199f5,Lucas Sherles,2025-05-27,18:42:28,-07:00,2025-05-27T18:42:28-07:00,0,22
meta/index.html,45,html,b90199f5,Lucas Sherles,2025-05-27,18:42:28,-07:00,2025-05-27T18:42:28-07:00,0,21
meta/index.html,46,html,b90199f5,Lucas Sherles,2025-05-27,18:42:28,-07:00,2025-05-27T18:42:28-07:00,0,5
meta/index.html,47,html,76d511da,Lucas Sherles,2025-05-21,15:25:24,-07:00,2025-05-21T15:25:24-07:00,0,5
meta/index.html,48,html,76d511da,Lucas Sherles,2025-05-21,15:25:24,-07:00,2025-05-21T15:25:24-07:00,0,0
meta/index.html,49,html,b90199f5,Lucas Sherles,2025-05-27,18:42:28,-07:00,2025-05-27T18:42:28-07:00,0,51
meta/index.html,50,html,8b17e137,Lucas Sherles,2025-05-07,19:23:51,-07:00,2025-05-07T19:23:51-07:00,0,14
meta/index.html,51,html,8b17e137,Lucas Sherles,2025-05-07,19:23:51,-07:00,2025-05-07T19:23:51-07:00,0,3
meta/index.html,52,html,8b17e137,Lucas Sherles,2025-05-07,19:23:51,-07:00,2025-05-07T19:23:51-07:00,0,47
meta/index.html,53,html,8b17e137,Lucas Sherles,2025-05-07,19:23:51,-07:00,2025-05-07T19:23:51-07:00,0,4
meta/index.html,54,html,b90199f5,Lucas Sherles,2025-05-27,18:42:28,-07:00,2025-05-27T18:42:28-07:00,0,0
meta/index.html,55,html,8b17e137,Lucas Sherles,2025-05-07,19:23:51,-07:00,2025-05-07T19:23:51-07:00,0,12
meta/index.html,56,html,8b17e137,Lucas Sherles,2025-05-07,19:23:51,-07:00,2025-05-07T19:23:51-07:00,0,25
meta/index.html,57,html,b90199f5,Lucas Sherles,2025-05-27,18:42:28,-07:00,2025-05-27T18:42:28-07:00,0,0
meta/index.html,58,html,8b17e137,Lucas Sherles,2025-05-07,19:23:51,-07:00,2025-05-07T19:23:51-07:00,0,39
meta/index.html,59,html,8b17e137,Lucas Sherles,2025-05-07,19:23:51,-07:00,2025-05-07T19:23:51-07:00,0,4
meta/index.html,60,html,b90199f5,Lucas Sherles,2025-05-27,18:42:28,-07:00,2025-05-27T18:42:28-07:00,0,0
meta/index.html,61,html,8b17e137,Lucas Sherles,2025-05-07,19:23:51,-07:00,2025-05-07T19:23:51-07:00,0,46
meta/index.html,62,html,b90199f5,Lucas Sherles,2025-05-27,18:42:28,-07:00,2025-05-27T18:42:28-07:00,0,0
meta/index.html,63,html,8b17e137,Lucas Sherles,2025-05-07,19:23:51,-07:00,2025-05-07T19:23:51-07:00,0,46
meta/index.html,64,html,8b17e137,Lucas Sherles,2025-05-07,19:23:51,-07:00,2025-05-07T19:23:51-07:00,0,0
meta/index.html,65,html,b90199f5,Lucas Sherles,2025-05-27,18:42:28,-07:00,2025-05-27T18:42:28-07:00,0,25
meta/index.html,66,html,b90199f5,Lucas Sherles,2025-05-27,18:42:28,-07:00,2025-05-27T18:42:28-07:00,0,19
meta/index.html,67,html,b90199f5,Lucas Sherles,2025-05-27,18:42:28,-07:00,2025-05-27T18:42:28-07:00,0,0
meta/index.html,68,html,b90199f5,Lucas Sherles,2025-05-27,18:42:28,-07:00,2025-05-27T18:42:28-07:00,0,6
meta/index.html,69,html,b90199f5,Lucas Sherles,2025-05-27,18:42:28,-07:00,2025-05-27T18:42:28-07:00,0,6
contact/index.html,1,html,61b3cfc8,Lucas Sherles,2025-04-02,16:39:15,-07:00,2025-04-02T16:39:15-07:00,0,14
contact/index.html,2,html,61b3cfc8,Lucas Sherles,2025-04-02,16:39:15,-07:00,2025-04-02T16:39:15-07:00,0,15
contact/index.html,3,html,61b3cfc8,Lucas Sherles,2025-04-02,16:39:15,-07:00,2025-04-02T16:39:15-07:00,0,5
contact/index.html,4,html,61b3cfc8,Lucas Sherles,2025-04-02,16:39:15,-07:00,2025-04-02T16:39:15-07:00,0,21
contact/index.html,5,html,61b3cfc8,Lucas Sherles,2025-04-02,16:39:15,-07:00,2025-04-02T16:39:15-07:00,0,69
contact/index.html,6,html,61b3cfc8,Lucas Sherles,2025-04-02,16:39:15,-07:00,2025-04-02T16:39:15-07:00,0,33
contact/index.html,7,html,d2525a26,Lucas Sherles,2025-04-10,00:26:29,-07:00,2025-04-10T00:26:29-07:00,0,42
contact/index.html,8,html,680f39bb,Lucas Sherles,2025-04-15,16:21:25,-07:00,2025-04-15T16:21:25-07:00,0,49
contact/index.html,9,html,61b3cfc8,Lucas Sherles,2025-04-02,16:39:15,-07:00,2025-04-02T16:39:15-07:00,0,6
contact/index.html,10,html,61b3cfc8,Lucas Sherles,2025-04-02,16:39:15,-07:00,2025-04-02T16:39:15-07:00,0,5
contact/index.html,11,html,d2525a26,Lucas Sherles,2025-04-10,00:26:29,-07:00,2025-04-10T00:26:29-07:00,0,3
contact/index.html,12,html,35f7f335,Lucas Sherles,2025-04-10,15:03:25,-07:00,2025-04-10T15:03:25-07:00,0,37
contact/index.html,13,html,d2525a26,Lucas Sherles,2025-04-10,00:26:29,-07:00,2025-04-10T00:26:29-07:00,0,4
contact/index.html,14,html,61b3cfc8,Lucas Sherles,2025-04-02,16:39:15,-07:00,2025-04-02T16:39:15-07:00,0,78
contact/index.html,15,html,61b3cfc8,Lucas Sherles,2025-04-02,16:39:15,-07:00,2025-04-02T16:39:15-07:00,0,6
contact/index.html,16,html,61b3cfc8,Lucas Sherles,2025-04-02,16:39:15,-07:00,2025-04-02T16:39:15-07:00,0,47
contact/index.html,17,html,61b3cfc8,Lucas Sherles,2025-04-02,16:39:15,-07:00,2025-04-02T16:39:15-07:00,0,7
contact/index.html,18,html,61b3cfc8,Lucas Sherles,2025-04-02,16:39:15,-07:00,2025-04-02T16:39:15-07:00,0,6
contact/index.html,19,html,61b3cfc8,Lucas Sherles,2025-04-02,16:39:15,-07:00,2025-04-02T16:39:15-07:00,0,38
contact/index.html,20,html,d2525a26,Lucas Sherles,2025-04-10,00:26:29,-07:00,2025-04-10T00:26:29-07:00,0,7
contact/index.html,21,html,61b3cfc8,Lucas Sherles,2025-04-02,16:39:15,-07:00,2025-04-02T16:39:15-07:00,0,6
contact/index.html,22,html,61b3cfc8,Lucas Sherles,2025-04-02,16:39:15,-07:00,2025-04-02T16:39:15-07:00,0,58
contact/index.html,23,html,61b3cfc8,Lucas Sherles,2025-04-02,16:39:15,-07:00,2025-04-02T16:39:15-07:00,0,7
contact/index.html,24,html,940cdb6e,Lucas Sherles,2025-04-02,16:52:03,-07:00,2025-04-02T16:52:03-07:00,0,0
contact/index.html,25,html,bad53419,Lucas Sherles,2025-04-15,11:16:13,-07:00,2025-04-15T11:16:13-07:00,0,27
contact/index.html,26,html,61b3cfc8,Lucas Sherles,2025-04-02,16:39:15,-07:00,2025-04-02T16:39:15-07:00,0,6
contact/index.html,27,html,61b3cfc8,Lucas Sherles,2025-04-02,16:39:15,-07:00,2025-04-02T16:39:15-07:00,0,6
